customer_key,platform_customer_id,customer_city,buyer_segment,total_orders,customer_since,last_order_date,platform_key
1,SPBT0000,****,Returning Buyer,20,2020-09-19,2024-07-10,2
2,SPP30000,****,Returning Buyer,25,2020-10-08,2025-02-27,2
3,SPNO0000,****,Returning Buyer,89,2020-10-08,2025-04-28,2
4,SPF00000,****,Returning Buyer,19,2020-10-08,2024-10-18,2
5,SPJT0000,****,Returning Buyer,48,2020-10-08,2025-04-24,2
6,SPTR0000,****,Returning Buyer,24,2020-10-07,2024-08-30,2
7,SPPO0000,****,Returning Buyer,70,2020-10-07,2025-04-27,2
8,SPAA0000,****,Returning Buyer,334,2020-10-04,2025-04-29,2
9,SPJ90000,****,Returning Buyer,91,2020-10-06,2025-04-01,2
10,SPPN0000,****,Returning Buyer,60,2020-10-05,2025-03-22,2
11,SPJS0000,****,Returning Buyer,246,2020-10-24,2025-04-27,2
12,SPCE0000,****,Returning Buyer,159,2020-10-20,2025-04-15,2
13,SPFE0000,****,Returning Buyer,43,2020-10-20,2025-03-08,2
14,SPMO0000,****,Returning Buyer,361,2020-10-15,2025-04-20,2
15,SPM60000,****,Returning Buyer,103,2020-10-14,2025-04-20,2
16,SPWV0000,****,New Buyer,1,2020-10-14,2020-10-14,2
17,SPD.0000,****,Returning Buyer,3,2020-10-13,2025-04-04,2
18,SPXX0000,****,Returning Buyer,492,2020-10-11,2025-04-04,2
19,SPB00000,****,Returning Buyer,26,2020-10-10,2025-03-28,2
20,SPBN0000,****,Returning Buyer,77,2020-11-08,2025-04-29,2
21,SPSL0000,****,Returning Buyer,46,2020-11-24,2025-04-26,2
22,SPJE0000,****,Returning Buyer,250,2020-11-23,2025-04-25,2
23,SPTE0000,****,Returning Buyer,75,2020-11-17,2025-04-29,2
24,SPB20000,****,Returning Buyer,30,2020-11-11,2025-04-13,2
25,SPKS0000,****,Returning Buyer,140,2020-12-06,2025-04-28,2
26,SPT10000,****,Returning Buyer,24,2020-12-26,2025-04-06,2
27,SPML0000,****,Returning Buyer,113,2020-12-25,2025-04-25,2
28,SPJM0000,****,Returning Buyer,42,2020-12-24,2025-03-12,2
29,SPCS0000,****,Returning Buyer,202,2020-12-23,2025-04-08,2
30,SPEO0000,****,Returning Buyer,115,2020-12-21,2025-04-26,2
31,SPRX0000,****,Returning Buyer,10,2020-12-19,2025-03-30,2
32,SPJR0000,****,Returning Buyer,89,2020-12-17,2025-04-11,2
33,SPJ10000,****,Returning Buyer,106,2020-12-16,2025-04-03,2
34,SPSO0000,****,Returning Buyer,108,2020-12-15,2025-04-28,2
35,SPMR0000,****,Returning Buyer,96,2020-12-13,2025-04-26,2
36,SPME0000,****,Returning Buyer,233,2021-01-12,2025-04-25,2
37,SPJ70000,****,Returning Buyer,105,2021-01-11,2025-04-25,2
38,SPKG0000,****,Returning Buyer,38,2021-01-11,2025-02-23,2
39,SPSD0000,****,Returning Buyer,37,2021-01-11,2025-03-03,2
40,SPLO0000,****,Returning Buyer,194,2021-01-08,2025-04-29,2
41,SPAN0000,****,Returning Buyer,227,2021-01-03,2025-04-29,2
42,SPAI0000,****,Returning Buyer,63,2021-01-02,2025-02-08,2
43,SPD30000,****,Returning Buyer,40,2021-01-02,2025-04-26,2
44,SPWA0000,****,Returning Buyer,48,2020-12-30,2025-03-26,2
45,SPAR0000,****,Returning Buyer,63,2021-01-24,2025-03-03,2
46,SPRS0000,****,Returning Buyer,123,2021-01-23,2025-04-25,2
47,SP090000,****,New Buyer,1,2021-01-20,2021-01-20,2
48,SPAB0000,****,Returning Buyer,13,2021-01-20,2025-03-14,2
49,SPMA0000,****,Returning Buyer,388,2021-01-18,2025-04-28,2
50,SPDR0000,****,Returning Buyer,31,2021-01-18,2025-04-25,2
51,SPE80000,****,Returning Buyer,46,2021-01-18,2025-04-23,2
52,SPJA0000,****,Returning Buyer,442,2021-01-18,2025-04-27,2
53,SPVI0000,****,Returning Buyer,3,2021-02-12,2025-02-24,2
54,SPPE0000,****,Returning Buyer,79,2021-02-10,2025-04-09,2
55,SPG30000,****,Returning Buyer,33,2021-02-06,2025-04-13,2
56,SPPY0000,****,Returning Buyer,30,2021-02-04,2025-04-29,2
57,SPDA0000,****,Returning Buyer,124,2021-02-03,2025-04-20,2
58,SPAO0000,****,Returning Buyer,281,2021-02-01,2025-04-29,2
59,SPM00000,****,Returning Buyer,104,2021-03-01,2025-04-18,2
60,SPMM0000,****,Returning Buyer,33,2021-02-26,2025-03-12,2
61,SPHA0000,****,Returning Buyer,54,2021-02-23,2025-03-30,2
62,SPLA0000,****,Returning Buyer,140,2021-02-19,2025-04-20,2
63,SPIO0000,****,Returning Buyer,76,2021-02-18,2025-04-05,2
64,SPD80000,****,Returning Buyer,39,2021-02-17,2025-04-25,2
65,SPY10000,****,Returning Buyer,22,2021-02-16,2025-01-28,2
66,SPSG0000,****,Returning Buyer,49,2021-03-15,2025-03-28,2
67,SPPS0000,****,Returning Buyer,68,2021-03-14,2025-04-02,2
68,SPLN0000,****,Returning Buyer,127,2021-03-10,2025-04-23,2
69,SPJD0000,****,Returning Buyer,47,2021-03-09,2025-04-23,2
70,SPNG0000,****,Returning Buyer,27,2021-03-07,2025-04-04,2
71,SPMS0000,****,Returning Buyer,253,2021-03-06,2025-04-28,2
72,SPKY0000,****,Returning Buyer,32,2021-03-05,2025-04-15,2
73,SPR40000,****,Returning Buyer,47,2021-03-04,2025-02-23,2
74,SPSS0000,****,Returning Buyer,135,2021-03-04,2025-04-11,2
75,SPYN0000,****,Returning Buyer,30,2021-03-03,2025-03-17,2
76,SPDY0000,****,Returning Buyer,33,2021-03-03,2025-04-06,2
77,SPD60000,****,Returning Buyer,24,2021-03-03,2025-04-02,2
78,SPF60000,****,Returning Buyer,8,2021-03-29,2024-07-30,2
79,SPBE0000,****,Returning Buyer,94,2021-03-27,2025-04-05,2
80,SPC20000,****,Returning Buyer,75,2021-03-25,2025-04-03,2
81,SPTI0000,****,Returning Buyer,34,2021-03-25,2025-04-01,2
82,SPCN0000,****,Returning Buyer,171,2021-03-25,2025-04-24,2
83,SPT80000,****,Returning Buyer,40,2021-03-23,2025-04-24,2
84,SPJF0000,****,Returning Buyer,3,2021-04-17,2025-04-28,2
85,SPGG0000,****,Returning Buyer,32,2021-04-17,2025-01-12,2
86,SPAY0000,****,Returning Buyer,92,2021-04-17,2025-04-27,2
87,SPJL0000,****,Returning Buyer,70,2021-04-16,2025-03-30,2
88,SPVN0000,****,Returning Buyer,26,2021-04-16,2025-04-09,2
89,SPS70000,****,Returning Buyer,47,2021-04-15,2025-04-09,2
90,SPQH0000,****,Returning Buyer,3,2021-04-13,2025-01-17,2
91,SPLC0000,****,Returning Buyer,20,2021-04-13,2025-03-27,2
92,SPFA0000,****,Returning Buyer,56,2021-04-11,2025-03-19,2
93,SP7H0000,****,Returning Buyer,2,2021-04-11,2023-01-26,2
94,SPT.0000,****,Returning Buyer,2,2021-04-09,2023-06-01,2
95,SPO70000,****,Returning Buyer,12,2021-04-09,2024-12-10,2
96,SPJN0000,****,Returning Buyer,274,2021-04-09,2025-04-25,2
97,SPGE0000,****,Returning Buyer,73,2021-04-04,2025-03-11,2
98,SPVZ0000,****,Returning Buyer,13,2021-04-29,2025-04-08,2
99,SPK40000,****,Returning Buyer,34,2021-04-29,2025-04-04,2
100,SPK60000,****,Returning Buyer,44,2021-04-29,2025-04-03,2
101,SPWJ0000,****,Returning Buyer,4,2021-04-29,2025-02-22,2
102,SPMD0000,****,Returning Buyer,40,2021-04-29,2025-04-27,2
103,SPJ40000,****,Returning Buyer,90,2021-04-29,2025-04-13,2
104,SPCA0000,****,Returning Buyer,240,2021-04-29,2025-04-29,2
105,SPHN0000,****,Returning Buyer,40,2021-04-28,2025-03-31,2
106,SPJO0000,****,Returning Buyer,383,2021-04-28,2025-04-29,2
107,SPMZ0000,****,Returning Buyer,94,2021-04-28,2025-04-09,2
108,SPK50000,****,Returning Buyer,43,2021-04-26,2025-04-11,2
109,SPCC0000,****,Returning Buyer,36,2021-04-27,2025-04-17,2
110,SPIE0000,****,Returning Buyer,76,2021-04-25,2025-04-17,2
111,SPSM0000,****,Returning Buyer,23,2021-04-25,2025-04-10,2
112,SPCI0000,****,Returning Buyer,50,2021-04-24,2025-04-24,2
113,SPKE0000,****,Returning Buyer,137,2021-04-20,2025-04-23,2
114,SPTH0000,****,Returning Buyer,43,2021-05-16,2025-04-05,2
115,SPMN0000,****,Returning Buyer,282,2021-05-11,2025-04-28,2
116,SPGA0000,****,Returning Buyer,108,2021-05-11,2025-04-22,2
117,SPK80000,****,Returning Buyer,66,2021-05-17,2025-04-17,2
118,SPLS0000,****,Returning Buyer,153,2021-05-11,2025-04-27,2
119,SPKN0000,****,Returning Buyer,120,2021-05-11,2025-04-24,2
120,SPRO0000,****,Returning Buyer,218,2021-05-11,2025-04-26,2
121,SPCL0000,****,Returning Buyer,59,2021-05-16,2025-04-26,2
122,SPL10000,****,Returning Buyer,46,2021-05-16,2025-04-26,2
123,SPI50000,****,Returning Buyer,19,2021-05-16,2025-03-18,2
124,SPK90000,****,Returning Buyer,55,2021-05-15,2025-04-01,2
125,SPMI0000,****,Returning Buyer,62,2021-05-15,2025-04-28,2
126,SPOH0000,****,Returning Buyer,26,2021-05-15,2024-08-29,2
127,SPIN0000,****,Returning Buyer,51,2021-05-15,2025-04-04,2
128,SPCR0000,****,Returning Buyer,64,2021-05-15,2025-04-11,2
129,SPA80000,****,Returning Buyer,74,2021-05-11,2025-04-21,2
130,SPJ60000,****,Returning Buyer,68,2021-05-15,2025-04-11,2
131,SPMY0000,****,Returning Buyer,105,2021-05-13,2025-04-10,2
132,SPFN0000,****,Returning Buyer,26,2021-05-15,2025-04-02,2
133,SPT60000,****,Returning Buyer,14,2021-05-14,2024-09-26,2
134,SPEE0000,****,Returning Buyer,93,2021-05-14,2025-03-02,2
135,SPCO0000,****,Returning Buyer,251,2021-05-14,2025-04-24,2
136,SPKR0000,****,Returning Buyer,53,2021-05-14,2025-03-12,2
137,SPCM0000,****,Returning Buyer,47,2021-05-14,2025-04-19,2
138,SP8W0000,****,Returning Buyer,3,2021-05-11,2025-01-12,2
139,SPKA0000,****,Returning Buyer,180,2021-05-06,2025-04-26,2
140,SPTA0000,****,Returning Buyer,113,2021-05-11,2025-04-26,2
141,SPBS0000,****,Returning Buyer,75,2021-05-11,2025-04-12,2
142,SPAS0000,****,Returning Buyer,204,2021-05-11,2025-04-23,2
143,SPHS0000,****,Returning Buyer,39,2021-05-11,2025-04-19,2
144,SPZD0000,****,Returning Buyer,5,2021-05-11,2023-09-26,2
145,SPL80000,****,Returning Buyer,59,2021-05-06,2025-04-12,2
146,SPBH0000,****,Returning Buyer,57,2021-05-06,2025-04-21,2
147,SPLE0000,****,Returning Buyer,122,2021-05-11,2025-04-22,2
148,SPC50000,****,Returning Buyer,64,2021-05-11,2025-04-28,2
149,SPGS0000,****,Returning Buyer,71,2021-05-11,2025-04-25,2
150,SPLL0000,****,Returning Buyer,41,2021-05-11,2025-03-25,2
151,SPCU0000,****,Returning Buyer,22,2021-05-11,2025-02-21,2
152,SPK10000,****,Returning Buyer,52,2021-05-11,2025-04-04,2
153,SPEA0000,****,Returning Buyer,105,2021-05-11,2025-04-27,2
154,SPT_0000,****,Returning Buyer,14,2021-05-11,2025-01-25,2
155,SPIS0000,****,Returning Buyer,85,2021-05-11,2025-04-26,2
156,SPIL0000,****,Returning Buyer,22,2021-05-11,2025-02-02,2
157,SPM_0000,****,Returning Buyer,26,2021-05-11,2025-02-18,2
158,SPRJ0000,****,Returning Buyer,13,2021-05-11,2025-04-22,2
159,SPBD0000,****,Returning Buyer,21,2021-05-11,2025-04-18,2
160,SPAD0000,****,Returning Buyer,24,2021-05-11,2025-04-04,2
161,SPSE0000,****,Returning Buyer,142,2021-05-11,2025-04-19,2
162,SPDN0000,****,Returning Buyer,113,2021-05-11,2025-04-08,2
163,SPSA0000,****,Returning Buyer,150,2021-05-11,2025-04-27,2
164,SPDO0000,****,Returning Buyer,119,2021-05-11,2025-04-21,2
165,SPP60000,****,Returning Buyer,16,2021-05-11,2025-03-23,2
166,SPJB0000,****,Returning Buyer,15,2021-05-11,2025-04-04,2
167,SPR90000,****,Returning Buyer,66,2021-05-11,2025-04-20,2
168,SPJZ0000,****,Returning Buyer,99,2021-05-11,2025-04-29,2
169,SPRR0000,****,Returning Buyer,60,2021-05-11,2025-04-21,2
170,SPZZ0000,****,Returning Buyer,12,2021-05-11,2025-04-02,2
171,SPAG0000,****,Returning Buyer,92,2021-05-11,2025-04-29,2
172,SPA60000,****,Returning Buyer,87,2021-05-11,2025-04-16,2
173,SPDD0000,****,Returning Buyer,17,2021-05-11,2025-01-02,2
174,SPFH0000,****,Returning Buyer,20,2021-05-11,2024-07-31,2
175,SPAH0000,****,Returning Buyer,77,2021-05-11,2025-04-01,2
176,SPJ20000,****,Returning Buyer,91,2021-05-11,2025-04-03,2
177,SPB60000,****,Returning Buyer,26,2021-05-11,2025-04-06,2
178,SPCY0000,****,Returning Buyer,68,2021-05-11,2025-03-15,2
179,SPTS0000,****,Returning Buyer,76,2021-05-11,2025-04-26,2
180,SPB90000,****,Returning Buyer,26,2021-05-11,2024-12-25,2
181,SPNS0000,****,Returning Buyer,61,2021-05-11,2025-04-08,2
182,SPV10000,****,Returning Buyer,17,2021-05-11,2025-04-29,2
183,SPA70000,****,Returning Buyer,104,2021-05-11,2025-03-30,2
184,SPL70000,****,Returning Buyer,46,2021-05-11,2025-03-11,2
185,SPAZ0000,****,Returning Buyer,92,2021-05-11,2025-04-03,2
186,SPRI0000,****,Returning Buyer,21,2021-05-11,2025-04-12,2
187,SPTL0000,****,Returning Buyer,25,2021-05-11,2025-02-01,2
188,SPAE0000,****,Returning Buyer,253,2021-05-11,2025-04-26,2
189,SPG70000,****,Returning Buyer,37,2021-05-11,2025-04-28,2
190,SP__0000,****,Returning Buyer,16,2021-05-11,2025-03-14,2
191,SPL50000,****,Returning Buyer,29,2021-05-11,2025-04-29,2
192,SPRH0000,****,Returning Buyer,34,2021-05-11,2025-03-25,2
193,SPOO0000,****,Returning Buyer,23,2021-05-07,2025-03-17,2
194,SPNI0000,****,Returning Buyer,21,2021-05-07,2025-04-21,2
195,SPAT0000,****,Returning Buyer,40,2021-05-07,2025-03-19,2
196,SPE10000,****,Returning Buyer,28,2021-05-06,2025-03-27,2
197,SPIA0000,****,Returning Buyer,85,2021-05-06,2025-04-26,2
198,SPW80000,****,Returning Buyer,14,2021-05-06,2025-03-14,2
199,SPGO0000,****,Returning Buyer,114,2021-05-06,2025-03-25,2
200,SPCG0000,****,Returning Buyer,66,2021-05-06,2025-04-27,2
201,SPZS0000,****,Returning Buyer,16,2021-05-06,2024-09-23,2
202,SPVU0000,****,Returning Buyer,8,2021-05-06,2025-03-03,2
203,SPKK0000,****,Returning Buyer,6,2021-05-06,2023-09-07,2
204,SPIY0000,****,Returning Buyer,28,2021-05-06,2025-04-01,2
205,SPNY0000,****,Returning Buyer,27,2021-05-06,2025-03-31,2
206,SPF20000,****,Returning Buyer,8,2021-05-06,2024-09-01,2
207,SPJ80000,****,Returning Buyer,117,2021-05-06,2025-04-09,2
208,SPT00000,****,Returning Buyer,31,2021-05-06,2025-03-11,2
209,SPE30000,****,Returning Buyer,35,2021-05-06,2025-02-08,2
210,SPCZ0000,****,Returning Buyer,92,2021-05-29,2025-04-15,2
211,SPBA0000,****,Returning Buyer,97,2021-05-31,2025-04-04,2
212,SPCQ0000,****,Returning Buyer,9,2021-06-05,2025-03-19,2
213,SPH70000,****,Returning Buyer,28,2021-06-04,2024-12-21,2
214,SPGN0000,****,Returning Buyer,60,2021-05-27,2025-04-04,2
215,SPUV0000,****,New Buyer,1,2021-06-04,2021-06-04,2
216,SPS60000,****,Returning Buyer,45,2021-06-04,2025-03-04,2
217,SPA10000,****,Returning Buyer,88,2021-06-03,2025-04-19,2
218,SPKO0000,****,Returning Buyer,160,2021-05-27,2025-04-26,2
219,SPC80000,****,Returning Buyer,66,2021-05-30,2025-04-16,2
220,SPA00000,****,Returning Buyer,88,2021-06-03,2025-04-28,2
221,SPEH0000,****,Returning Buyer,31,2021-06-03,2025-03-15,2
222,SPM70000,****,Returning Buyer,105,2021-06-02,2025-04-28,2
223,SPJ30000,****,Returning Buyer,125,2021-06-02,2025-04-28,2
224,SPKM0000,****,Returning Buyer,30,2021-06-02,2025-04-01,2
225,SPG80000,****,Returning Buyer,31,2021-06-02,2025-03-31,2
226,SPCP0000,****,Returning Buyer,12,2021-06-02,2025-03-02,2
227,SPC00000,****,Returning Buyer,56,2021-06-02,2025-04-12,2
228,SPK_0000,****,Returning Buyer,9,2021-06-02,2025-01-06,2
229,SP9Y0000,****,New Buyer,1,2021-06-02,2021-06-02,2
230,SPD20000,****,Returning Buyer,30,2021-06-02,2025-02-22,2
231,SPT30000,****,Returning Buyer,22,2021-06-01,2025-03-12,2
232,SPLM0000,****,Returning Buyer,23,2021-06-01,2025-03-30,2
233,SPR80000,****,Returning Buyer,88,2021-06-01,2025-04-28,2
234,SPNA0000,****,Returning Buyer,102,2021-06-01,2025-03-26,2
235,SPFS0000,****,Returning Buyer,41,2021-06-01,2025-03-23,2
236,SPJY0000,****,Returning Buyer,83,2021-05-31,2025-04-27,2
237,SPPH0000,****,Returning Buyer,42,2021-05-31,2025-03-09,2
238,SPI80000,****,Returning Buyer,27,2021-05-31,2025-04-28,2
239,SPMP0000,****,Returning Buyer,36,2021-05-31,2025-04-02,2
240,SPS40000,****,Returning Buyer,46,2021-05-31,2025-04-24,2
241,SPBO0000,****,Returning Buyer,76,2021-05-31,2025-03-31,2
242,SP1L0000,****,Returning Buyer,2,2021-05-31,2025-03-10,2
243,SPNE0000,****,Returning Buyer,67,2021-05-31,2025-04-11,2
244,SPHE0000,****,Returning Buyer,35,2021-05-31,2025-04-04,2
245,SPNN0000,****,Returning Buyer,68,2021-05-30,2025-03-30,2
246,SPGI0000,****,Returning Buyer,8,2021-05-30,2025-04-18,2
247,SPAP0000,****,Returning Buyer,31,2021-05-30,2025-04-13,2
248,SPIZ0000,****,Returning Buyer,27,2021-05-30,2025-04-27,2
249,SPJU0000,****,Returning Buyer,15,2021-05-30,2024-12-13,2
250,SPHY0000,****,Returning Buyer,26,2021-05-30,2025-04-04,2
251,SPLT0000,****,Returning Buyer,27,2021-05-29,2025-04-18,2
252,SPRA0000,****,Returning Buyer,226,2021-05-26,2025-04-28,2
253,SPR00000,****,Returning Buyer,51,2021-05-29,2025-03-04,2
254,SPJ50000,****,Returning Buyer,86,2021-05-29,2025-04-28,2
255,SPM20000,****,Returning Buyer,72,2021-05-29,2025-04-19,2
256,SPD10000,****,Returning Buyer,45,2021-05-29,2025-04-10,2
257,SPLZ0000,****,Returning Buyer,53,2021-05-28,2025-02-20,2
258,SPS00000,****,Returning Buyer,37,2021-05-28,2025-04-06,2
259,SPPU0000,****,Returning Buyer,13,2021-05-28,2025-02-21,2
260,SPQA0000,****,Returning Buyer,7,2021-05-28,2024-11-02,2
261,SPRZ0000,****,Returning Buyer,45,2021-05-28,2025-03-28,2
262,SPC30000,****,Returning Buyer,55,2021-05-24,2025-04-05,2
263,SPTU0000,****,Returning Buyer,6,2021-05-27,2024-08-21,2
264,SPDS0000,****,Returning Buyer,86,2021-05-27,2025-04-29,2
265,SPZ70000,****,Returning Buyer,5,2021-05-27,2024-04-05,2
266,SPM10000,****,Returning Buyer,115,2021-05-27,2025-04-27,2
267,SPW10000,****,Returning Buyer,11,2021-05-27,2025-03-12,2
268,SPSY0000,****,Returning Buyer,94,2021-05-27,2025-04-22,2
269,SPHG0000,****,Returning Buyer,15,2021-05-27,2024-10-15,2
270,SPR10000,****,Returning Buyer,85,2021-05-27,2025-04-15,2
271,SPKP0000,****,Returning Buyer,9,2021-05-26,2025-03-12,2
272,SPG20000,****,Returning Buyer,37,2021-05-26,2025-04-04,2
273,SPR20000,****,Returning Buyer,49,2021-05-26,2025-04-28,2
274,SPKZ0000,****,Returning Buyer,41,2021-05-26,2025-04-04,2
275,SPG10000,****,Returning Buyer,34,2021-05-26,2025-03-16,2
276,SPZE0000,****,Returning Buyer,28,2021-05-25,2025-03-22,2
277,SPMC0000,****,Returning Buyer,33,2021-05-25,2025-02-21,2
278,SPDE0000,****,Returning Buyer,96,2021-05-25,2025-04-15,2
279,SPP80000,****,Returning Buyer,48,2021-05-25,2025-02-24,2
280,SPPT0000,****,Returning Buyer,28,2021-05-24,2024-12-13,2
281,SPS80000,****,Returning Buyer,59,2021-05-24,2025-03-01,2
282,SPZA0000,****,Returning Buyer,27,2021-05-24,2025-02-20,2
283,SPRD0000,****,Returning Buyer,23,2021-05-24,2025-04-15,2
284,SPMX0000,****,Returning Buyer,16,2021-05-22,2025-03-31,2
285,SP0N0000,****,Returning Buyer,4,2021-05-23,2024-09-07,2
286,SPCD0000,****,Returning Buyer,34,2021-05-22,2025-01-31,2
287,SPYE0000,****,Returning Buyer,35,2021-05-22,2025-02-20,2
288,SPA50000,****,Returning Buyer,72,2021-05-22,2025-04-13,2
289,SPSZ0000,****,Returning Buyer,60,2021-05-22,2025-03-21,2
290,SPR30000,****,Returning Buyer,70,2021-05-22,2025-04-09,2
291,SPSH0000,****,Returning Buyer,71,2021-05-22,2025-04-24,2
292,SPGZ0000,****,Returning Buyer,35,2021-06-17,2025-02-23,2
293,SPY30000,****,Returning Buyer,16,2021-06-17,2025-03-16,2
294,SPNK0000,****,Returning Buyer,7,2021-06-16,2025-04-07,2
295,SPBG0000,****,Returning Buyer,47,2021-06-14,2025-03-23,2
296,SPD_0000,****,Returning Buyer,16,2021-06-16,2025-04-12,2
297,SPK30000,****,Returning Buyer,49,2021-06-15,2025-04-04,2
298,SPS50000,****,Returning Buyer,32,2021-06-15,2025-04-15,2
299,SPPD0000,****,Returning Buyer,13,2021-06-15,2025-01-04,2
300,SPJH0000,****,Returning Buyer,35,2021-06-15,2025-03-14,2
301,SPM50000,****,Returning Buyer,95,2021-06-15,2025-04-19,2
302,SPG00000,****,Returning Buyer,29,2021-06-15,2025-02-01,2
303,SPE70000,****,Returning Buyer,37,2021-06-15,2025-03-18,2
304,SPA30000,****,Returning Buyer,97,2021-06-15,2025-04-27,2
305,SPWY0000,****,Returning Buyer,10,2021-06-15,2024-08-21,2
306,SPPP0000,****,Returning Buyer,17,2021-06-14,2024-09-05,2
307,SPH10000,****,Returning Buyer,22,2021-06-14,2025-04-29,2
308,SPFO0000,****,Returning Buyer,56,2021-06-10,2025-04-23,2
309,SPMG0000,****,Returning Buyer,81,2021-06-09,2025-04-07,2
310,SPV90000,****,Returning Buyer,15,2021-06-08,2025-01-14,2
311,SPST0000,****,Returning Buyer,48,2021-06-08,2025-04-03,2
312,SPT70000,****,Returning Buyer,22,2021-06-08,2025-02-20,2
313,SPL20000,****,Returning Buyer,46,2021-06-08,2025-03-25,2
314,SPVA0000,****,Returning Buyer,58,2021-06-08,2025-01-04,2
315,SPXT0000,****,Returning Buyer,3,2021-06-08,2022-10-30,2
316,SPL90000,****,Returning Buyer,62,2021-06-08,2025-04-26,2
317,SPES0000,****,Returning Buyer,112,2021-06-07,2025-04-29,2
318,SPRT0000,****,Returning Buyer,30,2021-06-07,2025-04-02,2
319,SPDI0000,****,Returning Buyer,26,2021-06-07,2025-04-15,2
320,SPWH0000,****,Returning Buyer,12,2021-06-07,2024-08-30,2
321,SPA40000,****,Returning Buyer,70,2021-06-07,2025-04-28,2
322,SPIG0000,****,Returning Buyer,19,2021-06-07,2025-03-25,2
323,SPII0000,****,Returning Buyer,30,2021-06-07,2025-03-22,2
324,SPGY0000,****,Returning Buyer,29,2021-07-07,2025-03-18,2
325,SPYH0000,****,Returning Buyer,8,2021-07-07,2025-04-12,2
326,SPC40000,****,Returning Buyer,65,2021-07-07,2025-03-02,2
327,SPC90000,****,Returning Buyer,58,2021-07-06,2025-03-14,2
328,SPG50000,****,Returning Buyer,22,2021-06-28,2025-02-19,2
329,SPX30000,****,Returning Buyer,2,2021-07-07,2022-03-28,2
330,SPEJ0000,****,Returning Buyer,3,2021-07-07,2024-12-12,2
331,SPDZ0000,****,Returning Buyer,33,2021-07-07,2025-04-24,2
332,SPB30000,****,Returning Buyer,24,2021-07-05,2025-04-02,2
333,SPYS0000,****,Returning Buyer,42,2021-06-30,2024-11-28,2
334,SPBR0000,****,Returning Buyer,36,2021-07-07,2025-03-14,2
335,SPUO0000,****,Returning Buyer,6,2021-07-07,2025-03-03,2
336,SPMU0000,****,Returning Buyer,21,2021-07-07,2024-10-06,2
337,SPP40000,****,Returning Buyer,30,2021-07-07,2025-01-30,2
338,SPSN0000,****,Returning Buyer,110,2021-07-04,2025-04-28,2
339,SPTO0000,****,Returning Buyer,76,2021-07-07,2025-04-29,2
340,SPG.0000,****,Returning Buyer,2,2021-07-06,2022-10-18,2
341,SPHD0000,****,Returning Buyer,9,2021-07-06,2025-01-18,2
342,SPMH0000,****,Returning Buyer,61,2021-07-06,2025-03-03,2
343,SPF90000,****,Returning Buyer,12,2021-07-06,2024-10-17,2
344,SPW90000,****,Returning Buyer,11,2021-07-06,2025-03-04,2
345,SPM40000,****,Returning Buyer,101,2021-06-23,2025-04-28,2
346,SPI40000,****,Returning Buyer,20,2021-07-04,2024-12-05,2
347,SPR60000,****,Returning Buyer,62,2021-07-04,2025-04-15,2
348,SPI90000,****,Returning Buyer,20,2021-06-27,2025-04-04,2
349,SPVS0000,****,Returning Buyer,36,2021-07-04,2025-04-04,2
350,SPBM0000,****,Returning Buyer,28,2021-07-04,2025-04-24,2
351,SPI10000,****,Returning Buyer,34,2021-06-28,2025-03-03,2
352,SPP00000,****,Returning Buyer,27,2021-06-28,2025-03-03,2
353,SPVW0000,****,Returning Buyer,2,2021-07-03,2024-03-25,2
354,SPJI0000,****,Returning Buyer,66,2021-07-03,2025-03-25,2
355,SPBL0000,****,Returning Buyer,30,2021-07-02,2025-04-19,2
356,SPK70000,****,Returning Buyer,39,2021-06-23,2025-04-15,2
357,SPCT0000,****,Returning Buyer,40,2021-07-02,2025-02-22,2
358,SPL60000,****,Returning Buyer,28,2021-07-02,2025-02-24,2
359,SPE00000,****,Returning Buyer,44,2021-07-02,2025-02-05,2
360,SPDH0000,****,Returning Buyer,17,2021-07-01,2025-04-04,2
361,SPS90000,****,Returning Buyer,29,2021-07-01,2025-02-07,2
362,SPB80000,****,Returning Buyer,46,2021-07-01,2025-03-14,2
363,SPB40000,****,Returning Buyer,23,2021-07-01,2025-03-24,2
364,SPKL0000,****,Returning Buyer,39,2021-06-30,2025-03-03,2
365,SPPZ0000,****,Returning Buyer,27,2021-06-29,2025-02-19,2
366,SPRG0000,****,Returning Buyer,37,2021-06-29,2025-04-29,2
367,SPYO0000,****,Returning Buyer,20,2021-06-29,2025-04-19,2
368,SPVC0000,****,Returning Buyer,10,2021-06-28,2025-04-04,2
369,SPSJ0000,****,Returning Buyer,5,2021-06-28,2025-04-24,2
370,SPBI0000,****,Returning Buyer,22,2021-06-28,2025-03-17,2
371,SPD40000,****,Returning Buyer,31,2021-06-27,2025-04-05,2
372,SPQO0000,****,Returning Buyer,10,2021-06-26,2024-11-20,2
373,SPGP0000,****,Returning Buyer,14,2021-06-26,2025-04-08,2
374,SPMT0000,****,Returning Buyer,70,2021-06-26,2025-04-04,2
375,SPH40000,****,Returning Buyer,15,2021-06-25,2024-12-21,2
376,SPJ00000,****,Returning Buyer,82,2021-06-25,2025-04-23,2
377,SPYI0000,****,Returning Buyer,13,2021-06-25,2025-04-04,2
378,SPVY0000,****,Returning Buyer,14,2021-06-25,2025-02-22,2
379,SPTN0000,****,Returning Buyer,51,2021-06-24,2025-04-24,2
380,SPWO0000,****,Returning Buyer,18,2021-06-24,2025-04-26,2
381,SP.R0000,****,New Buyer,1,2021-06-23,2021-06-23,2
382,SPZM0000,****,Returning Buyer,3,2021-06-23,2023-07-07,2
383,SPA90000,****,Returning Buyer,79,2021-07-12,2025-04-29,2
384,SPM30000,****,Returning Buyer,150,2021-07-10,2025-04-29,2
385,SPKT0000,****,Returning Buyer,22,2021-07-09,2025-02-02,2
386,SPP10000,****,Returning Buyer,36,2021-07-09,2025-04-13,2
387,SPLG0000,****,Returning Buyer,28,2021-07-09,2025-02-08,2
388,SPV80000,****,Returning Buyer,13,2021-07-26,2025-02-28,2
389,SPGH0000,****,Returning Buyer,43,2021-07-26,2025-04-23,2
390,SP1Y0000,****,Returning Buyer,6,2021-07-26,2024-10-30,2
391,SPDG0000,****,Returning Buyer,30,2021-07-25,2025-04-23,2
392,SPW50000,****,Returning Buyer,7,2021-08-11,2024-02-27,2
393,SPNH0000,****,Returning Buyer,13,2021-08-10,2025-02-16,2
394,SPWS0000,****,Returning Buyer,18,2021-08-10,2025-01-13,2
395,SPPR0000,****,Returning Buyer,25,2021-08-10,2025-03-27,2
396,SPL30000,****,Returning Buyer,51,2021-08-10,2025-04-05,2
397,SPD00000,****,Returning Buyer,22,2021-09-09,2025-01-13,2
398,SPRP0000,****,Returning Buyer,30,2021-09-09,2025-03-28,2
399,SPB_0000,****,Returning Buyer,11,2021-09-09,2025-04-21,2
400,SPTG0000,****,Returning Buyer,32,2021-09-09,2025-04-28,2
401,SPYM0000,****,Returning Buyer,8,2021-09-09,2025-04-07,2
402,SPHH0000,****,Returning Buyer,43,2021-09-09,2025-04-01,2
403,SPE60000,****,Returning Buyer,31,2021-09-09,2025-04-26,2
404,SPM90000,****,Returning Buyer,77,2021-09-09,2025-03-01,2
405,SPC10000,****,Returning Buyer,98,2021-09-09,2025-04-29,2
406,SPKI0000,****,Returning Buyer,28,2021-09-09,2025-04-02,2
407,SPRE0000,****,Returning Buyer,121,2021-09-02,2025-04-25,2
408,SPIB0000,****,Returning Buyer,2,2021-09-09,2021-12-12,2
409,SPV40000,****,Returning Buyer,12,2021-09-09,2025-02-21,2
410,SP140000,****,New Buyer,1,2021-09-09,2021-09-09,2
411,SPM80000,****,Returning Buyer,163,2021-09-08,2025-04-28,2
412,SPI60000,****,Returning Buyer,13,2021-09-09,2025-01-03,2
413,SP.U0000,****,Returning Buyer,2,2021-09-09,2022-02-06,2
414,SPNZ0000,****,Returning Buyer,24,2021-09-09,2025-04-19,2
415,SPL00000,****,Returning Buyer,34,2021-09-09,2025-04-20,2
416,SPY90000,****,Returning Buyer,10,2021-09-09,2025-02-21,2
417,SPTZ0000,****,Returning Buyer,21,2021-09-09,2025-04-04,2
418,SPJG0000,****,Returning Buyer,76,2021-09-09,2025-04-13,2
419,SPA20000,****,Returning Buyer,88,2021-09-09,2025-04-11,2
420,SPP20000,****,Returning Buyer,24,2021-09-02,2024-08-20,2
421,SPB70000,****,Returning Buyer,44,2021-09-08,2025-04-24,2
422,SPDT0000,****,Returning Buyer,31,2021-09-09,2025-04-27,2
423,SPKC0000,****,Returning Buyer,16,2021-09-09,2025-04-26,2
424,SPVE0000,****,Returning Buyer,27,2021-09-09,2025-01-20,2
425,SPRN0000,****,Returning Buyer,157,2021-09-09,2025-04-27,2
426,SPGL0000,****,Returning Buyer,30,2021-09-09,2025-03-03,2
427,SPHI0000,****,Returning Buyer,24,2021-09-09,2025-01-04,2
428,SPF80000,****,Returning Buyer,12,2021-09-09,2025-02-24,2
429,SPE50000,****,Returning Buyer,32,2021-09-08,2025-03-30,2
430,SPO80000,****,Returning Buyer,16,2021-09-08,2025-04-27,2
431,SPWR0000,****,Returning Buyer,4,2021-09-08,2025-04-05,2
432,SPQ50000,****,Returning Buyer,6,2021-09-08,2024-12-12,2
433,SPT20000,****,Returning Buyer,16,2021-09-08,2024-12-10,2
434,SPQW0000,****,Returning Buyer,2,2021-09-08,2024-01-17,2
435,SPTD0000,****,Returning Buyer,12,2021-09-08,2024-09-14,2
436,SPN00000,****,Returning Buyer,21,2021-09-08,2025-04-28,2
437,SPSP0000,****,Returning Buyer,9,2021-09-08,2025-04-02,2
438,SPO30000,****,Returning Buyer,4,2021-09-07,2024-05-04,2
439,SPN70000,****,Returning Buyer,22,2021-09-07,2024-10-30,2
440,SP1N0000,****,Returning Buyer,5,2021-09-03,2024-08-30,2
441,SPZ60000,****,Returning Buyer,7,2021-09-03,2025-03-19,2
442,SPEI0000,****,Returning Buyer,35,2021-09-03,2025-04-07,2
443,SPNX0000,****,Returning Buyer,4,2021-09-03,2024-05-05,2
444,SPHR0000,****,Returning Buyer,14,2021-09-03,2024-09-10,2
445,SPVH0000,****,Returning Buyer,7,2021-09-03,2025-04-16,2
446,SPSU0000,****,Returning Buyer,18,2021-09-03,2025-04-18,2
447,SPSI0000,****,Returning Buyer,30,2021-09-02,2024-12-30,2
448,SPFL0000,****,Returning Buyer,12,2021-09-02,2025-01-10,2
449,SPJP0000,****,Returning Buyer,30,2021-09-02,2025-04-05,2
450,SPK00000,****,Returning Buyer,39,2021-09-21,2025-04-15,2
451,SPX80000,****,Returning Buyer,13,2021-09-21,2025-02-14,2
452,SPI70000,****,Returning Buyer,18,2021-09-21,2025-04-09,2
453,SPVO0000,****,Returning Buyer,61,2021-09-20,2025-03-31,2
454,SPI20000,****,Returning Buyer,28,2021-09-20,2025-04-04,2
455,SPHX0000,****,Returning Buyer,4,2021-09-20,2024-01-17,2
456,SPBC0000,****,Returning Buyer,15,2021-09-20,2025-02-16,2
457,SPLR0000,****,Returning Buyer,34,2021-09-20,2025-03-26,2
458,SPC70000,****,Returning Buyer,61,2021-09-20,2025-04-25,2
459,SPEL0000,****,Returning Buyer,44,2021-09-11,2025-04-04,2
460,SPYT0000,****,Returning Buyer,6,2021-09-20,2025-02-24,2
461,SPTY0000,****,Returning Buyer,36,2021-09-19,2025-04-12,2
462,SPZR0000,****,Returning Buyer,6,2021-09-15,2024-09-09,2
463,SPTT0000,****,Returning Buyer,22,2021-09-15,2024-08-10,2
464,SP8Q0000,****,New Buyer,1,2021-09-15,2021-09-15,2
465,SPRM0000,****,Returning Buyer,21,2021-09-15,2025-04-15,2
466,SPLJ0000,****,Returning Buyer,5,2021-09-15,2025-02-14,2
467,SPBZ0000,****,Returning Buyer,24,2021-09-15,2025-03-18,2
468,SPND0000,****,Returning Buyer,10,2021-09-11,2025-03-31,2
469,SPCV0000,****,Returning Buyer,7,2021-09-11,2025-04-02,2
470,SPPA0000,****,Returning Buyer,68,2021-09-11,2025-04-01,2
471,SP6O0000,****,New Buyer,1,2021-09-11,2021-09-11,2
472,SPC_0000,****,Returning Buyer,22,2021-10-11,2025-04-29,2
473,SPRB0000,****,Returning Buyer,8,2021-10-11,2025-01-29,2
474,SPR70000,****,Returning Buyer,59,2021-10-10,2025-04-04,2
475,SPPG0000,****,Returning Buyer,22,2021-10-11,2024-10-13,2
476,SPK20000,****,Returning Buyer,40,2021-10-11,2025-04-25,2
477,SPE90000,****,Returning Buyer,28,2021-10-11,2025-02-06,2
478,SPAL0000,****,Returning Buyer,91,2021-10-11,2025-04-25,2
479,SP6R0000,****,Returning Buyer,3,2021-10-11,2024-02-08,2
480,SPPL0000,****,Returning Buyer,37,2021-10-11,2025-03-24,2
481,SPDL0000,****,Returning Buyer,37,2021-10-11,2025-03-30,2
482,SPP90000,****,Returning Buyer,37,2021-10-10,2025-03-15,2
483,SPSC0000,****,Returning Buyer,19,2021-10-10,2025-03-19,2
484,SPS10000,****,Returning Buyer,60,2021-10-10,2025-04-21,2
485,SPLY0000,****,Returning Buyer,44,2021-10-13,2025-04-18,2
486,SPZ10000,****,Returning Buyer,12,2021-10-13,2025-04-24,2
487,SPGD0000,****,Returning Buyer,16,2021-10-13,2025-02-28,2
488,SPG90000,****,Returning Buyer,33,2021-10-13,2025-02-11,2
489,SPDV0000,****,Returning Buyer,5,2021-10-29,2025-02-14,2
490,SPZ80000,****,Returning Buyer,15,2021-10-29,2025-04-07,2
491,SP_Y0000,****,Returning Buyer,8,2021-10-29,2024-12-20,2
492,SPWN0000,****,Returning Buyer,15,2021-10-29,2025-04-15,2
493,SPWK0000,****,Returning Buyer,4,2021-10-29,2024-09-13,2
494,SPS30000,****,Returning Buyer,55,2021-10-29,2025-04-04,2
495,SPLH0000,****,Returning Buyer,49,2021-10-29,2024-12-22,2
496,SPDB0000,****,Returning Buyer,11,2021-10-29,2025-04-04,2
497,SPVG0000,****,Returning Buyer,7,2021-11-28,2024-08-05,2
498,SPW30000,****,Returning Buyer,6,2021-11-28,2024-08-22,2
499,SPAW0000,****,Returning Buyer,4,2021-11-27,2023-12-20,2
500,SPYL0000,****,Returning Buyer,18,2021-11-27,2025-04-01,2
501,SP390000,****,Returning Buyer,2,2021-11-14,2021-12-20,2
502,SPP50000,****,Returning Buyer,31,2021-11-14,2025-04-05,2
503,SPNU0000,****,Returning Buyer,9,2021-11-14,2025-01-12,2
504,SPBP0000,****,Returning Buyer,16,2021-11-14,2025-02-28,2
505,SPHT0000,****,Returning Buyer,12,2021-12-13,2025-04-22,2
506,SPU80000,****,Returning Buyer,4,2021-12-13,2023-04-18,2
507,SPHO0000,****,Returning Buyer,51,2021-12-12,2025-04-22,2
508,SPER0000,****,Returning Buyer,30,2021-12-12,2025-04-29,2
509,SPFI0000,****,Returning Buyer,14,2021-12-12,2025-04-19,2
510,SPFY0000,****,Returning Buyer,12,2021-12-12,2025-04-04,2
511,SPQL0000,****,Returning Buyer,4,2021-12-12,2025-02-11,2
512,SP1E0000,****,Returning Buyer,19,2021-12-12,2025-03-22,2
513,SP410000,****,New Buyer,1,2021-12-12,2021-12-12,2
514,SPCH0000,****,Returning Buyer,60,2021-12-12,2025-03-09,2
515,SPJ.0000,****,Returning Buyer,6,2021-12-12,2024-08-28,2
516,SPIU0000,****,Returning Buyer,7,2021-12-12,2024-12-08,2
517,SPZN0000,****,Returning Buyer,16,2021-12-12,2025-04-15,2
518,SP7Y0000,****,New Buyer,1,2021-12-30,2021-12-30,2
519,SPEN0000,****,Returning Buyer,88,2021-12-19,2025-04-04,2
520,SPC.0000,****,Returning Buyer,10,2021-12-18,2024-07-07,2
521,SPYA0000,****,Returning Buyer,32,2021-12-27,2025-03-03,2
522,SPN80000,****,Returning Buyer,33,2021-12-19,2025-04-27,2
523,SPEX0000,****,Returning Buyer,4,2021-12-30,2025-03-15,2
524,SPZI0000,****,Returning Buyer,7,2021-12-29,2025-03-22,2
525,SPR50000,****,Returning Buyer,40,2021-12-17,2025-04-21,2
526,SPLD0000,****,Returning Buyer,14,2021-12-27,2025-04-09,2
527,SPQN0000,****,Returning Buyer,9,2021-12-27,2025-01-06,2
528,SPZO0000,****,Returning Buyer,18,2021-12-25,2025-04-18,2
529,SPUL0000,****,Returning Buyer,3,2021-12-27,2022-06-17,2
530,SPTP0000,****,Returning Buyer,25,2021-12-21,2025-04-25,2
531,SPSR0000,****,Returning Buyer,33,2021-12-19,2025-04-06,2
532,SPH90000,****,Returning Buyer,19,2021-12-27,2025-04-01,2
533,SPU70000,****,Returning Buyer,32,2021-12-27,2025-04-27,2
534,SPW20000,****,Returning Buyer,9,2021-12-27,2024-10-10,2
535,SPAC0000,****,Returning Buyer,21,2021-12-27,2024-10-01,2
536,SPY80000,****,Returning Buyer,11,2021-12-26,2025-01-21,2
537,SPKV0000,****,Returning Buyer,7,2021-12-26,2025-02-23,2
538,SPA.0000,****,Returning Buyer,5,2021-12-25,2024-09-05,2
539,SPYU0000,****,Returning Buyer,6,2021-12-25,2025-02-07,2
540,SPZL0000,****,Returning Buyer,9,2021-12-25,2025-02-13,2
541,SPIC0000,****,Returning Buyer,5,2021-12-25,2024-12-08,2
542,SPW00000,****,Returning Buyer,10,2021-12-19,2025-01-05,2
543,SPC60000,****,Returning Buyer,46,2021-12-21,2025-04-27,2
544,SPHU0000,****,Returning Buyer,3,2021-12-22,2025-02-01,2
545,SPJC0000,****,Returning Buyer,34,2021-12-22,2025-02-18,2
546,SPD90000,****,Returning Buyer,32,2021-12-22,2025-04-09,2
547,SPPM0000,****,Returning Buyer,13,2021-12-22,2025-03-28,2
548,SPG_0000,****,Returning Buyer,4,2021-12-22,2025-01-07,2
549,SP9Z0000,****,Returning Buyer,2,2021-12-21,2023-02-09,2
550,SP_E0000,****,Returning Buyer,7,2021-12-21,2025-01-17,2
551,SPVT0000,****,Returning Buyer,11,2021-12-21,2024-11-20,2
552,SPQ00000,****,Returning Buyer,5,2021-12-21,2024-12-12,2
553,SPGK0000,****,Returning Buyer,5,2021-12-21,2025-03-05,2
554,SPN40000,****,Returning Buyer,13,2021-12-21,2024-11-29,2
555,SPXE0000,****,Returning Buyer,11,2021-12-19,2024-12-09,2
556,SPB10000,****,Returning Buyer,33,2021-12-21,2025-04-28,2
557,SPIM0000,****,Returning Buyer,8,2021-12-19,2024-02-25,2
558,SPNL0000,****,Returning Buyer,27,2021-12-21,2025-04-07,2
559,SPH20000,****,Returning Buyer,17,2021-12-21,2025-04-01,2
560,SPZW0000,****,Returning Buyer,2,2021-12-21,2024-02-15,2
561,SPD50000,****,Returning Buyer,49,2021-12-16,2025-04-06,2
562,SP2A0000,****,Returning Buyer,3,2021-12-21,2024-07-09,2
563,SPUC0000,****,New Buyer,1,2021-12-20,2021-12-20,2
564,SPPQ0000,****,Returning Buyer,7,2021-12-20,2024-10-30,2
565,SPMB0000,****,Returning Buyer,11,2021-12-20,2025-01-30,2
566,SPYG0000,****,Returning Buyer,19,2021-12-20,2025-04-21,2
567,SPVP0000,****,Returning Buyer,5,2021-12-20,2024-09-30,2
568,SPMJ0000,****,Returning Buyer,14,2021-12-20,2025-02-16,2
569,SPGU0000,****,Returning Buyer,9,2021-12-20,2025-03-16,2
570,SPEC0000,****,Returning Buyer,15,2021-12-20,2025-01-28,2
571,SPZC0000,****,Returning Buyer,5,2021-12-20,2025-02-07,2
572,SP2O0000,****,Returning Buyer,3,2021-12-20,2023-10-27,2
573,SPY60000,****,Returning Buyer,12,2021-12-20,2025-04-07,2
574,SPY00000,****,Returning Buyer,9,2021-12-20,2024-09-25,2
575,SPF30000,****,Returning Buyer,7,2021-12-20,2024-07-04,2
576,SPE.0000,****,Returning Buyer,2,2021-12-19,2025-04-02,2
577,SPOC0000,****,Returning Buyer,3,2021-12-19,2024-06-01,2
578,SPAM0000,****,Returning Buyer,41,2021-12-19,2025-04-25,2
579,SPEZ0000,****,Returning Buyer,32,2021-12-19,2025-04-06,2
580,SPMK0000,****,Returning Buyer,15,2021-12-16,2025-02-08,2
581,SPGT0000,****,Returning Buyer,11,2021-12-19,2024-07-17,2
582,SPB50000,****,Returning Buyer,19,2021-12-19,2025-02-07,2
583,SPZP0000,****,Returning Buyer,4,2021-12-19,2024-10-12,2
584,SPBY0000,****,Returning Buyer,32,2021-12-19,2025-04-05,2
585,SPS20000,****,Returning Buyer,38,2021-12-19,2025-04-15,2
586,SPJ_0000,****,Returning Buyer,27,2021-12-19,2025-04-02,2
587,SPOA0000,****,Returning Buyer,28,2021-12-18,2025-04-07,2
588,SPBQ0000,****,Returning Buyer,4,2021-12-19,2023-10-10,2
589,SPWE0000,****,Returning Buyer,26,2021-12-19,2025-04-15,2
590,SP0H0000,****,New Buyer,1,2021-12-19,2021-12-19,2
591,SPAV0000,****,Returning Buyer,7,2021-12-19,2025-03-23,2
592,SPLI0000,****,Returning Buyer,49,2021-12-19,2025-04-08,2
593,SP_O0000,****,Returning Buyer,3,2021-12-19,2025-01-20,2
594,SPO40000,****,Returning Buyer,5,2021-12-17,2025-04-28,2
595,SPXM0000,****,Returning Buyer,5,2021-12-19,2024-08-26,2
596,SPIF0000,****,Returning Buyer,5,2021-12-19,2024-10-10,2
597,SPVV0000,****,Returning Buyer,4,2021-12-19,2025-01-28,2
598,SPRQ0000,****,Returning Buyer,2,2021-12-19,2022-10-18,2
599,SPNR0000,****,Returning Buyer,19,2021-12-19,2025-04-15,2
600,SPL_0000,****,Returning Buyer,10,2021-12-19,2025-03-28,2
601,SPKH0000,****,Returning Buyer,23,2021-12-19,2025-03-31,2
602,SPKB0000,****,Returning Buyer,11,2021-12-19,2025-01-15,2
603,SPFT0000,****,Returning Buyer,15,2021-12-19,2025-04-09,2
604,SPWI0000,****,Returning Buyer,6,2021-12-19,2025-02-19,2
605,SPPK0000,****,Returning Buyer,14,2021-12-19,2025-04-29,2
606,SPUM0000,****,New Buyer,1,2021-12-19,2021-12-19,2
607,SPZ00000,****,Returning Buyer,14,2021-12-19,2024-09-30,2
608,SPKD0000,****,Returning Buyer,25,2021-12-19,2025-03-24,2
609,SPL40000,****,Returning Buyer,26,2021-12-19,2025-04-04,2
610,SPXW0000,****,New Buyer,1,2021-12-18,2021-12-18,2
611,SPH80000,****,Returning Buyer,17,2021-12-18,2025-03-18,2
612,SPF70000,****,Returning Buyer,10,2021-12-18,2025-01-31,2
613,SPWZ0000,****,Returning Buyer,9,2021-12-18,2025-03-25,2
614,SPH00000,****,Returning Buyer,9,2021-12-18,2024-08-26,2
615,SPB.0000,****,Returning Buyer,2,2021-12-16,2021-12-16,2
616,SPZ_0000,****,Returning Buyer,7,2021-12-16,2025-04-12,2
617,SP0Y0000,****,New Buyer,1,2021-12-16,2021-12-16,2
618,SP3S0000,****,Returning Buyer,3,2021-12-16,2024-06-21,2
619,SPFU0000,****,Returning Buyer,2,2021-12-16,2023-06-22,2
620,SPRY0000,****,Returning Buyer,46,2021-12-16,2025-04-21,2
621,SP5A0000,****,Returning Buyer,3,2021-12-16,2023-09-01,2
622,SPN20000,****,Returning Buyer,26,2022-01-12,2025-04-02,2
623,SPXL0000,****,Returning Buyer,4,2022-01-15,2024-07-09,2
624,SP810000,****,Returning Buyer,2,2022-01-15,2022-03-02,2
625,SPBV0000,****,Returning Buyer,6,2022-01-15,2024-11-04,2
626,SPJV0000,****,Returning Buyer,17,2022-01-15,2025-04-03,2
627,SPV30000,****,Returning Buyer,15,2022-01-15,2025-04-27,2
628,SPRL0000,****,Returning Buyer,45,2022-01-10,2025-04-08,2
629,SPQ60000,****,Returning Buyer,2,2022-01-12,2024-08-22,2
630,SPGC0000,****,Returning Buyer,10,2022-01-12,2025-01-15,2
631,SPY50000,****,Returning Buyer,13,2022-01-12,2025-03-06,2
632,SPH50000,****,Returning Buyer,8,2022-01-12,2025-02-23,2
633,SPGR0000,****,Returning Buyer,14,2022-01-11,2025-02-26,2
634,SPFD0000,****,Returning Buyer,7,2022-01-11,2023-10-30,2
635,SPN90000,****,Returning Buyer,18,2022-01-11,2025-04-07,2
636,SPOT0000,****,Returning Buyer,12,2022-01-11,2025-04-22,2
637,SPEY0000,****,Returning Buyer,40,2022-01-10,2025-04-25,2
638,SPN10000,****,Returning Buyer,22,2022-01-10,2024-11-19,2
639,SPZT0000,****,Returning Buyer,12,2022-01-10,2025-04-09,2
640,SPP70000,****,Returning Buyer,30,2022-01-10,2025-04-20,2
641,SPGX0000,****,Returning Buyer,11,2022-01-10,2025-03-23,2
642,SPI00000,****,Returning Buyer,8,2022-01-10,2024-10-17,2
643,SPSV0000,****,Returning Buyer,8,2022-01-10,2025-03-04,2
644,SPEG0000,****,Returning Buyer,21,2022-01-10,2025-03-17,2
645,SPMV0000,****,Returning Buyer,16,2022-01-09,2025-03-30,2
646,SPVM0000,****,Returning Buyer,4,2022-01-09,2025-03-03,2
647,SPVD0000,****,Returning Buyer,12,2022-01-09,2025-02-22,2
648,SPZH0000,****,Returning Buyer,14,2022-01-09,2025-04-02,2
649,SPMQ0000,****,Returning Buyer,3,2022-01-09,2024-05-28,2
650,SPJJ0000,****,Returning Buyer,9,2022-01-09,2025-01-10,2
651,SPDM0000,****,Returning Buyer,19,2022-01-09,2025-03-10,2
652,SP800000,****,Returning Buyer,2,2022-01-09,2024-07-24,2
653,SPUD0000,****,New Buyer,1,2022-01-09,2022-01-09,2
654,SPD70000,****,Returning Buyer,49,2022-01-09,2025-02-18,2
655,SPX90000,****,Returning Buyer,4,2022-01-09,2025-02-28,2
656,SPDK0000,****,Returning Buyer,5,2022-01-30,2024-12-05,2
657,SPS_0000,****,Returning Buyer,16,2022-01-29,2025-03-03,2
658,SPFG0000,****,Returning Buyer,17,2022-01-27,2025-02-07,2
659,SPI30000,****,Returning Buyer,20,2022-01-28,2025-03-19,2
660,SPJK0000,****,Returning Buyer,13,2022-01-17,2025-04-22,2
661,SPQ70000,****,Returning Buyer,5,2022-01-27,2025-02-06,2
662,SPID0000,****,Returning Buyer,10,2022-01-27,2025-02-02,2
663,SPLP0000,****,Returning Buyer,14,2022-01-27,2025-04-24,2
664,SPHP0000,****,Returning Buyer,8,2022-01-26,2024-11-01,2
665,SPDC0000,****,Returning Buyer,17,2022-01-26,2025-02-05,2
666,SPEP0000,****,Returning Buyer,11,2022-01-26,2025-04-01,2
667,SPV70000,****,Returning Buyer,15,2022-01-26,2024-11-03,2
668,SPE20000,****,Returning Buyer,24,2022-01-25,2025-03-28,2
669,SPDP0000,****,Returning Buyer,8,2022-01-23,2024-12-19,2
670,SPIR0000,****,Returning Buyer,22,2022-01-23,2025-03-23,2
671,SP1T0000,****,Returning Buyer,4,2022-01-21,2024-03-05,2
672,SP1A0000,****,Returning Buyer,2,2022-01-21,2024-04-17,2
673,SPRC0000,****,Returning Buyer,8,2022-01-20,2025-01-15,2
674,SPX60000,****,Returning Buyer,6,2022-01-21,2024-07-21,2
675,SPH30000,****,Returning Buyer,26,2022-01-20,2025-04-04,2
676,SP1V0000,****,Returning Buyer,2,2022-01-20,2024-12-20,2
677,SPOK0000,****,Returning Buyer,3,2022-01-20,2025-02-16,2
678,SPF40000,****,Returning Buyer,11,2022-01-19,2024-08-26,2
679,SPG40000,****,Returning Buyer,26,2022-01-19,2025-03-27,2
680,SPJX0000,****,Returning Buyer,15,2022-01-19,2024-10-06,2
681,SP2L0000,****,Returning Buyer,2,2022-01-18,2023-05-23,2
682,SPX20000,****,Returning Buyer,10,2022-01-18,2024-08-21,2
683,SP870000,****,New Buyer,1,2022-01-18,2022-01-18,2
684,SPOV0000,****,Returning Buyer,2,2022-01-17,2022-01-17,2
685,SPTM0000,****,Returning Buyer,10,2022-01-17,2025-04-04,2
686,SPYJ0000,****,Returning Buyer,4,2022-01-17,2024-11-28,2
687,SPNC0000,****,Returning Buyer,10,2022-01-17,2024-05-15,2
688,SPQ30000,****,Returning Buyer,5,2022-02-16,2025-01-10,2
689,SP9J0000,****,Returning Buyer,2,2022-02-16,2025-01-20,2
690,SPEU0000,****,Returning Buyer,7,2022-02-16,2025-01-15,2
691,SPED0000,****,Returning Buyer,15,2022-02-16,2025-04-27,2
692,SPUN0000,****,Returning Buyer,7,2022-02-15,2025-03-15,2
693,SPY20000,****,Returning Buyer,13,2022-02-15,2025-03-30,2
694,SPY_0000,****,Returning Buyer,5,2022-02-15,2025-01-29,2
695,SPNJ0000,****,Returning Buyer,4,2022-02-15,2025-03-09,2
696,SPGM0000,****,Returning Buyer,12,2022-02-14,2025-03-03,2
697,SPVJ0000,****,Returning Buyer,3,2022-02-12,2023-09-07,2
698,SPCF0000,****,Returning Buyer,6,2022-02-11,2025-02-07,2
699,SP4A0000,****,New Buyer,1,2022-02-08,2022-02-08,2
700,SP_80000,****,Returning Buyer,5,2022-02-08,2025-04-20,2
701,SP1_0000,****,Returning Buyer,2,2022-02-07,2024-04-30,2
702,SPIT0000,****,Returning Buyer,17,2022-02-07,2025-02-20,2
703,SPT40000,****,Returning Buyer,12,2022-02-06,2025-04-04,2
704,SPUE0000,****,Returning Buyer,7,2022-02-06,2024-09-30,2
705,SPPV0000,****,Returning Buyer,5,2022-02-06,2025-02-04,2
706,SP3O0000,****,New Buyer,1,2022-02-06,2022-02-06,2
707,SPN60000,****,Returning Buyer,9,2022-02-02,2025-01-18,2
708,SPNB0000,****,Returning Buyer,5,2022-02-02,2025-04-11,2
709,SPMF0000,****,Returning Buyer,11,2022-02-02,2025-02-26,2
710,SPLV0000,****,Returning Buyer,2,2022-02-02,2022-03-13,2
711,SPTC0000,****,Returning Buyer,7,2022-03-04,2024-11-28,2
712,SPEM0000,****,Returning Buyer,21,2022-03-04,2025-04-27,2
713,SPZ30000,****,Returning Buyer,9,2022-03-04,2025-03-03,2
714,SPNM0000,****,Returning Buyer,13,2022-03-04,2025-03-24,2
715,SPOW0000,****,Returning Buyer,2,2022-03-04,2023-02-21,2
716,SPW40000,****,Returning Buyer,7,2022-03-03,2024-08-31,2
717,SPS.0000,****,Returning Buyer,6,2022-03-03,2025-03-20,2
718,SPZY0000,****,Returning Buyer,5,2022-03-03,2024-10-31,2
719,SPQG0000,****,Returning Buyer,3,2022-03-03,2024-04-17,2
720,SPH_0000,****,New Buyer,1,2022-03-03,2022-03-03,2
721,SPR_0000,****,Returning Buyer,13,2022-03-02,2025-02-07,2
722,SPWT0000,****,Returning Buyer,5,2022-03-02,2024-05-15,2
723,SPA_0000,****,Returning Buyer,19,2022-03-02,2025-01-22,2
724,SPPI0000,****,Returning Buyer,16,2022-03-02,2025-04-25,2
725,SPKX0000,****,Returning Buyer,9,2022-03-01,2024-02-17,2
726,SPON0000,****,Returning Buyer,12,2022-03-01,2025-03-27,2
727,SPUF0000,****,New Buyer,1,2022-02-18,2022-02-18,2
728,SPFZ0000,****,Returning Buyer,9,2022-02-18,2024-06-09,2
729,SPX50000,****,Returning Buyer,3,2022-03-19,2023-06-17,2
730,SPYY0000,****,Returning Buyer,15,2022-03-15,2024-08-19,2
731,SPHJ0000,****,Returning Buyer,3,2022-03-19,2024-09-10,2
732,SPOE0000,****,Returning Buyer,19,2022-03-18,2025-04-28,2
733,SP1S0000,****,Returning Buyer,6,2022-03-17,2025-03-11,2
734,SPAU0000,****,Returning Buyer,9,2022-03-17,2025-02-20,2
735,SPG60000,****,Returning Buyer,27,2022-03-17,2025-03-31,2
736,SPJQ0000,****,New Buyer,1,2022-03-16,2022-03-16,2
737,SPW70000,****,Returning Buyer,9,2022-03-16,2025-04-16,2
738,SPBU0000,****,Returning Buyer,2,2022-03-16,2025-04-04,2
739,SPT90000,****,Returning Buyer,17,2022-03-11,2025-03-18,2
740,SPXN0000,****,Returning Buyer,8,2022-03-16,2024-09-04,2
741,SPIH0000,****,Returning Buyer,18,2022-03-15,2024-12-13,2
742,SPT50000,****,Returning Buyer,22,2022-03-16,2025-03-30,2
743,SPF50000,****,Returning Buyer,10,2022-03-08,2025-03-17,2
744,SP.L0000,****,Returning Buyer,2,2022-03-15,2024-03-21,2
745,SPX10000,****,Returning Buyer,5,2022-03-15,2025-01-05,2
746,SP0E0000,****,Returning Buyer,2,2022-03-15,2022-10-18,2
747,SPLW0000,****,New Buyer,1,2022-03-15,2022-03-15,2
748,SPHZ0000,****,Returning Buyer,15,2022-03-15,2025-01-22,2
749,SPGV0000,****,Returning Buyer,2,2022-03-15,2024-02-11,2
750,SPSB0000,****,Returning Buyer,8,2022-03-15,2025-02-14,2
751,SPYV0000,****,Returning Buyer,4,2022-03-15,2022-10-29,2
752,SPOI0000,****,Returning Buyer,5,2022-03-15,2023-08-21,2
753,SPFB0000,****,Returning Buyer,4,2022-03-15,2024-06-09,2
754,SPYZ0000,****,Returning Buyer,13,2022-03-14,2024-07-27,2
755,SPPW0000,****,Returning Buyer,2,2022-03-13,2024-09-23,2
756,SPK.0000,****,Returning Buyer,2,2022-03-12,2025-03-15,2
757,SPVL0000,****,Returning Buyer,13,2022-03-12,2025-02-08,2
758,SPFR0000,****,Returning Buyer,13,2022-03-12,2025-01-16,2
759,SPTF0000,****,Returning Buyer,4,2022-03-12,2024-10-12,2
760,SPXS0000,****,Returning Buyer,7,2022-03-11,2024-08-30,2
761,SP0L0000,****,New Buyer,1,2022-03-10,2022-03-10,2
762,SPEV0000,****,New Buyer,1,2022-03-09,2022-03-09,2
763,SPXR0000,****,Returning Buyer,5,2022-03-09,2025-03-17,2
764,SPH60000,****,Returning Buyer,6,2022-03-08,2024-07-04,2
765,SPXV0000,****,Returning Buyer,2,2022-04-05,2024-08-22,2
766,SPV50000,****,Returning Buyer,10,2022-04-05,2025-01-12,2
767,SPUU0000,****,Returning Buyer,2,2022-04-05,2024-05-31,2
768,SPXA0000,****,Returning Buyer,8,2022-04-05,2025-03-16,2
769,SP770000,****,Returning Buyer,2,2022-04-04,2023-04-10,2
770,SPLB0000,****,Returning Buyer,16,2022-04-04,2025-04-09,2
771,SPBK0000,****,Returning Buyer,11,2022-04-04,2025-04-19,2
772,SPQB0000,****,Returning Buyer,2,2022-04-02,2024-03-24,2
773,SP9B0000,****,Returning Buyer,3,2022-03-30,2024-09-09,2
774,SPKJ0000,****,Returning Buyer,5,2022-03-30,2025-04-12,2
775,SPQ40000,****,Returning Buyer,2,2022-03-29,2023-06-06,2
776,SPR.0000,****,New Buyer,1,2022-03-29,2022-03-29,2
777,SPOY0000,****,Returning Buyer,6,2022-03-29,2024-07-30,2
778,SPXK0000,****,Returning Buyer,8,2022-03-25,2025-04-02,2
779,SPFP0000,****,Returning Buyer,7,2022-04-16,2025-03-07,2
780,SPZG0000,****,Returning Buyer,7,2022-04-15,2024-11-01,2
781,SP3V0000,****,New Buyer,1,2022-04-15,2022-04-15,2
782,SPDW0000,****,Returning Buyer,4,2022-05-07,2025-04-26,2
783,SPXO0000,****,Returning Buyer,9,2022-05-07,2024-10-10,2
784,SPE40000,****,Returning Buyer,26,2022-05-07,2025-04-04,2
785,SPLX0000,****,Returning Buyer,5,2022-06-24,2024-05-24,2
786,SP_B0000,****,New Buyer,1,2022-06-24,2022-06-24,2
787,SPWG0000,****,Returning Buyer,9,2022-06-23,2024-10-11,2
788,SPOM0000,****,Returning Buyer,4,2022-06-18,2023-09-02,2
789,SPDU0000,****,Returning Buyer,9,2022-06-22,2024-12-12,2
790,SPF10000,****,Returning Buyer,13,2022-06-21,2025-04-29,2
791,SPAX0000,****,Returning Buyer,19,2022-06-21,2025-04-29,2
792,SP900000,****,Returning Buyer,3,2022-06-21,2023-07-15,2
793,SPQS0000,****,Returning Buyer,12,2022-06-20,2025-02-08,2
794,SPTX0000,****,Returning Buyer,5,2022-06-19,2024-09-06,2
795,SPX70000,****,Returning Buyer,2,2022-06-18,2023-09-27,2
796,SPFJ0000,****,Returning Buyer,3,2022-06-18,2025-03-23,2
797,SPHV0000,****,Returning Buyer,3,2022-06-17,2023-06-03,2
798,SPHL0000,****,Returning Buyer,16,2022-06-17,2025-03-03,2
799,SPIK0000,****,Returning Buyer,8,2022-06-15,2025-02-12,2
800,SPU00000,****,New Buyer,1,2022-07-09,2022-07-09,2
801,SP8Z0000,****,Returning Buyer,2,2022-07-09,2023-07-10,2
802,SPZ20000,****,Returning Buyer,8,2022-07-09,2025-02-05,2
803,SP8F0000,****,New Buyer,1,2022-07-08,2022-07-08,2
804,SPDX0000,****,Returning Buyer,4,2022-07-07,2025-03-28,2
805,SP9N0000,****,New Buyer,1,2022-07-07,2022-07-07,2
806,SP4T0000,****,Returning Buyer,3,2022-07-07,2024-10-11,2
807,SPN50000,****,Returning Buyer,20,2022-06-26,2025-04-24,2
808,SPUY0000,****,Returning Buyer,5,2022-07-26,2025-02-20,2
809,SP1Q0000,****,New Buyer,1,2022-07-26,2022-07-26,2
810,SP970000,****,Returning Buyer,2,2022-07-25,2022-09-03,2
811,SPU40000,****,Returning Buyer,7,2022-07-17,2025-04-01,2
812,SP1R0000,****,Returning Buyer,3,2022-08-27,2024-10-13,2
813,SPGB0000,****,Returning Buyer,8,2022-08-24,2024-12-11,2
814,SPNT0000,****,Returning Buyer,7,2022-08-18,2025-02-12,2
815,SP4_0000,****,New Buyer,1,2022-08-17,2022-08-17,2
816,SPOS0000,****,Returning Buyer,14,2022-09-12,2025-03-27,2
817,SPCK0000,****,Returning Buyer,25,2022-09-11,2025-02-07,2
818,SP2R0000,****,Returning Buyer,2,2022-09-10,2024-07-30,2
819,SPCX0000,****,Returning Buyer,15,2022-09-09,2025-03-28,2
820,SPOR0000,****,Returning Buyer,7,2022-09-09,2025-03-16,2
821,SPO60000,****,New Buyer,1,2022-09-09,2022-09-09,2
822,SPWC0000,****,Returning Buyer,2,2022-09-09,2024-03-16,2
823,SPN30000,****,Returning Buyer,15,2022-09-09,2025-01-07,2
824,SPWM0000,****,Returning Buyer,3,2022-09-09,2024-07-07,2
825,SPOU0000,****,Returning Buyer,2,2022-09-08,2025-02-11,2
826,SPET0000,****,Returning Buyer,15,2022-09-04,2024-09-15,2
827,SP1M0000,****,Returning Buyer,2,2022-09-04,2024-04-22,2
828,SPN_0000,****,New Buyer,1,2022-09-28,2022-09-28,2
829,SP_L0000,****,Returning Buyer,3,2022-09-28,2024-12-09,2
830,SPL.0000,****,Returning Buyer,3,2022-09-17,2024-12-11,2
831,SPUI0000,****,Returning Buyer,3,2022-09-15,2024-11-27,2
832,SPE_0000,****,Returning Buyer,5,2022-09-15,2024-09-04,2
833,SPXG0000,****,Returning Buyer,8,2022-10-13,2025-03-08,2
834,SP320000,****,New Buyer,1,2022-10-12,2022-10-12,2
835,SPYB0000,****,Returning Buyer,4,2022-10-30,2025-03-03,2
836,SPQE0000,****,Returning Buyer,7,2022-10-18,2024-08-14,2
837,SPIX0000,****,Returning Buyer,6,2022-10-27,2024-10-16,2
838,SPVR0000,****,Returning Buyer,8,2022-10-26,2025-04-06,2
839,SPHC0000,****,Returning Buyer,3,2022-10-24,2024-11-04,2
840,SPXH0000,****,Returning Buyer,3,2022-10-23,2024-03-09,2
841,SPCB0000,****,Returning Buyer,22,2022-10-21,2025-04-11,2
842,SPTV0000,****,Returning Buyer,3,2022-10-21,2023-07-09,2
843,SPO20000,****,Returning Buyer,4,2022-10-19,2024-08-08,2
844,SPWP0000,****,Returning Buyer,3,2022-10-19,2024-05-23,2
845,SPTK0000,****,Returning Buyer,4,2022-10-19,2025-03-14,2
846,SPU30000,****,New Buyer,1,2022-10-19,2022-10-19,2
847,SP0A0000,****,Returning Buyer,2,2022-10-18,2022-11-30,2
848,SPVB0000,****,Returning Buyer,4,2022-10-18,2024-01-18,2
849,SP250000,****,New Buyer,1,2022-10-18,2022-10-18,2
850,SP2S0000,****,New Buyer,1,2022-10-18,2022-10-18,2
851,SPQZ0000,****,Returning Buyer,3,2022-10-17,2024-06-03,2
852,SP4V0000,****,Returning Buyer,2,2022-12-01,2024-04-25,2
853,SPAJ0000,****,Returning Buyer,3,2022-12-01,2023-10-22,2
854,SPFM0000,****,Returning Buyer,7,2022-11-30,2025-02-19,2
855,SP1B0000,****,Returning Buyer,2,2022-11-27,2022-11-28,2
856,SPY70000,****,Returning Buyer,5,2022-11-25,2025-02-19,2
857,SPX_0000,****,Returning Buyer,3,2022-11-17,2024-05-15,2
858,SPOG0000,****,Returning Buyer,3,2022-11-17,2024-12-11,2
859,SPOP0000,****,Returning Buyer,7,2022-12-17,2024-10-31,2
860,SPLU0000,****,Returning Buyer,19,2022-12-12,2025-04-04,2
861,SP_X0000,****,New Buyer,1,2022-12-14,2022-12-14,2
862,SPUH0000,****,Returning Buyer,4,2022-12-13,2023-10-29,2
863,SPYX0000,****,New Buyer,1,2022-12-13,2022-12-13,2
864,SPCJ0000,****,Returning Buyer,7,2022-12-13,2025-03-14,2
865,SPMW0000,****,Returning Buyer,4,2022-12-12,2025-02-27,2
866,SPPC0000,****,Returning Buyer,22,2022-12-12,2025-04-25,2
867,SPQ90000,****,Returning Buyer,3,2022-12-10,2023-07-03,2
868,SPHK0000,****,Returning Buyer,5,2022-12-09,2025-02-11,2
869,SP_40000,****,Returning Buyer,3,2022-12-08,2025-04-04,2
870,SPHB0000,****,Returning Buyer,3,2022-12-07,2025-02-07,2
871,SPRV0000,****,Returning Buyer,4,2022-12-04,2024-08-31,2
872,SPUS0000,****,Returning Buyer,10,2022-12-03,2025-02-14,2
873,SPP_0000,****,Returning Buyer,4,2022-12-03,2024-02-21,2
874,SPIV0000,****,Returning Buyer,3,2022-12-30,2023-09-30,2
875,SPZ50000,****,Returning Buyer,7,2022-12-30,2025-03-18,2
876,SPRK0000,****,Returning Buyer,8,2022-12-29,2025-04-19,2
877,SPEB0000,****,Returning Buyer,9,2022-12-28,2025-02-07,2
878,SPTB0000,****,Returning Buyer,5,2022-12-24,2025-03-04,2
879,SPCW0000,****,Returning Buyer,4,2022-12-23,2023-06-06,2
880,SP8H0000,****,New Buyer,1,2022-12-21,2022-12-21,2
881,SPXZ0000,****,Returning Buyer,2,2022-12-19,2024-07-14,2
882,SP670000,****,New Buyer,1,2022-12-19,2022-12-19,2
883,SP2M0000,****,Returning Buyer,2,2023-01-10,2023-01-18,2
884,SPNF0000,****,New Buyer,1,2023-01-14,2023-01-14,2
885,SPSK0000,****,Returning Buyer,9,2023-01-04,2025-04-11,2
886,SP_M0000,****,Returning Buyer,2,2023-01-11,2023-09-09,2
887,SP.O0000,****,New Buyer,1,2023-01-10,2023-01-10,2
888,SP310000,****,Returning Buyer,2,2023-01-07,2024-04-26,2
889,SPV_0000,****,Returning Buyer,5,2023-02-03,2024-09-01,2
890,SP6C0000,****,New Buyer,1,2023-02-02,2023-02-02,2
891,SPO10000,****,Returning Buyer,4,2023-01-23,2025-03-18,2
892,SPRU0000,****,Returning Buyer,8,2023-02-01,2025-02-20,2
893,SPIW0000,****,New Buyer,1,2023-02-01,2023-02-01,2
894,SPPX0000,****,Returning Buyer,5,2023-01-31,2024-04-21,2
895,SP7T0000,****,New Buyer,1,2023-01-30,2023-01-30,2
896,SPV00000,****,Returning Buyer,8,2023-02-06,2025-04-28,2
897,SPAQ0000,****,New Buyer,1,2023-02-18,2023-02-18,2
898,SP0O0000,****,Returning Buyer,3,2023-02-17,2025-04-22,2
899,SP6W0000,****,Returning Buyer,8,2023-02-16,2025-04-25,2
900,SPQ20000,****,Returning Buyer,2,2023-02-16,2023-10-10,2
901,SP6T0000,****,New Buyer,1,2023-02-09,2023-02-09,2
902,SP_S0000,****,Returning Buyer,2,2023-02-07,2024-04-17,2
903,SPLK0000,****,Returning Buyer,4,2023-03-05,2024-01-20,2
904,SPPB0000,****,Returning Buyer,3,2023-03-04,2024-09-09,2
905,SP2N0000,****,Returning Buyer,2,2023-03-03,2025-01-19,2
906,SPAF0000,****,Returning Buyer,3,2023-02-28,2025-04-23,2
907,SP_30000,****,Returning Buyer,2,2023-02-27,2023-10-01,2
908,SPQD0000,****,Returning Buyer,3,2023-02-24,2025-01-09,2
909,SP_N0000,****,Returning Buyer,3,2023-02-21,2023-04-08,2
910,SP350000,****,Returning Buyer,3,2023-03-23,2025-02-17,2
911,SP0T0000,****,New Buyer,1,2023-03-22,2023-03-22,2
912,SPIJ0000,****,Returning Buyer,4,2023-03-21,2024-12-24,2
913,SPHW0000,****,New Buyer,1,2023-03-21,2023-03-21,2
914,SP2U0000,****,Returning Buyer,2,2023-03-15,2024-08-12,2
915,SPBX0000,****,Returning Buyer,2,2023-03-15,2024-07-28,2
916,SPYD0000,****,Returning Buyer,4,2023-03-15,2024-06-11,2
917,SPKW0000,****,Returning Buyer,2,2023-03-14,2023-10-12,2
918,SP_C0000,****,Returning Buyer,3,2023-03-09,2024-08-18,2
919,SP3T0000,****,New Buyer,1,2023-03-09,2023-03-09,2
920,SP4E0000,****,Returning Buyer,4,2023-03-09,2025-04-04,2
921,SPHF0000,****,Returning Buyer,2,2023-04-08,2024-08-08,2
922,SP850000,****,Returning Buyer,2,2023-04-06,2023-04-07,2
923,SP1X0000,****,New Buyer,1,2023-04-06,2023-04-06,2
924,SPQT0000,****,New Buyer,1,2023-04-06,2023-04-06,2
925,SP880000,****,Returning Buyer,7,2023-04-06,2025-01-15,2
926,SPPJ0000,****,Returning Buyer,2,2023-04-05,2023-10-16,2
927,SP4X0000,****,Returning Buyer,6,2023-04-21,2024-09-07,2
928,SPWL0000,****,Returning Buyer,8,2023-04-20,2025-02-07,2
929,SPSX0000,****,Returning Buyer,15,2023-04-16,2025-03-25,2
930,SP550000,****,Returning Buyer,3,2023-04-15,2025-02-05,2
931,SP4S0000,****,New Buyer,1,2023-04-13,2023-04-13,2
932,SP3A0000,****,New Buyer,1,2023-05-06,2023-05-06,2
933,SPW60000,****,Returning Buyer,8,2023-05-05,2025-03-28,2
934,SP8O0000,****,Returning Buyer,3,2023-05-05,2024-02-11,2
935,SPKU0000,****,Returning Buyer,6,2023-05-04,2024-12-12,2
936,SPYC0000,****,Returning Buyer,5,2023-05-03,2025-04-05,2
937,SPX40000,****,Returning Buyer,7,2023-05-01,2024-06-15,2
938,SPFV0000,****,Returning Buyer,4,2023-04-30,2024-04-21,2
939,SPDF0000,****,Returning Buyer,8,2023-04-30,2024-12-16,2
940,SPLF0000,****,Returning Buyer,5,2023-04-29,2025-02-16,2
941,SPBB0000,****,Returning Buyer,2,2023-04-26,2024-04-16,2
942,SPY40000,****,Returning Buyer,2,2023-04-26,2024-01-18,2
943,SPOL0000,****,Returning Buyer,5,2023-05-18,2024-09-15,2
944,SPBF0000,****,Returning Buyer,3,2023-05-26,2024-03-19,2
945,SPV20000,****,Returning Buyer,9,2023-05-25,2025-03-28,2
946,SPQ80000,****,Returning Buyer,4,2023-05-24,2024-12-13,2
947,SPFW0000,****,Returning Buyer,4,2023-05-23,2025-04-27,2
948,SP5G0000,****,Returning Buyer,3,2023-05-22,2024-08-15,2
949,SP_A0000,****,Returning Buyer,5,2023-05-21,2024-08-27,2
950,SP580000,****,Returning Buyer,2,2023-05-18,2024-04-05,2
951,SP9M0000,****,Returning Buyer,6,2023-05-13,2025-01-14,2
952,SPAK0000,****,Returning Buyer,7,2023-05-12,2025-03-28,2
953,SPQR0000,****,Returning Buyer,3,2023-05-12,2025-04-15,2
954,SP4D0000,****,New Buyer,1,2023-06-11,2023-06-11,2
955,SP380000,****,New Buyer,1,2023-06-10,2023-06-10,2
956,SP690000,****,New Buyer,1,2023-06-06,2023-06-06,2
957,SP7A0000,****,Returning Buyer,3,2023-06-06,2024-07-31,2
958,SP340000,****,New Buyer,1,2023-06-04,2023-06-04,2
959,SP0X0000,****,New Buyer,1,2023-06-04,2023-06-04,2
960,SPXY0000,****,Returning Buyer,6,2023-06-03,2025-03-04,2
961,SP7R0000,****,Returning Buyer,2,2023-05-31,2024-02-29,2
962,SPKF0000,****,Returning Buyer,4,2023-05-30,2025-04-06,2
963,SPTJ0000,****,Returning Buyer,2,2023-05-30,2025-03-04,2
964,SPZX0000,****,New Buyer,1,2023-06-27,2023-06-27,2
965,SPSF0000,****,Returning Buyer,2,2023-06-22,2025-03-28,2
966,SP1O0000,****,New Buyer,1,2023-06-17,2023-06-17,2
967,SPUR0000,****,Returning Buyer,2,2023-06-13,2024-07-05,2
968,SP.S0000,****,Returning Buyer,2,2023-06-13,2024-07-20,2
969,SPYP0000,****,Returning Buyer,8,2023-06-13,2024-09-01,2
970,SP950000,****,New Buyer,1,2023-06-13,2023-06-13,2
971,SPGF0000,****,New Buyer,1,2023-07-11,2023-07-11,2
972,SPXF0000,****,Returning Buyer,2,2023-07-07,2023-08-08,2
973,SPLQ0000,****,New Buyer,1,2023-07-07,2023-07-07,2
974,SP5D0000,****,Returning Buyer,3,2023-07-07,2025-03-03,2
975,SPYR0000,****,Returning Buyer,6,2023-07-04,2025-03-03,2
976,SPZK0000,****,Returning Buyer,6,2023-07-04,2025-04-01,2
977,SPIP0000,****,Returning Buyer,4,2023-07-03,2024-05-26,2
978,SP500000,****,New Buyer,1,2023-07-02,2023-07-02,2
979,SPTQ0000,****,Returning Buyer,8,2023-06-29,2025-04-08,2
980,SP_R0000,****,New Buyer,1,2023-06-29,2023-06-29,2
981,SPM.0000,****,Returning Buyer,2,2023-07-26,2024-07-19,2
982,SP_Z0000,****,Returning Buyer,4,2023-07-26,2024-11-27,2
983,SP9T0000,****,New Buyer,1,2023-07-26,2023-07-26,2
984,SPZ90000,****,Returning Buyer,4,2023-07-25,2025-02-05,2
985,SP0S0000,****,New Buyer,1,2023-07-23,2023-07-23,2
986,SP6A0000,****,New Buyer,1,2023-07-23,2023-07-23,2
987,SP260000,****,New Buyer,1,2023-07-23,2023-07-23,2
988,SPF_0000,****,New Buyer,1,2023-07-23,2023-07-23,2
989,SPUG0000,****,Returning Buyer,2,2023-07-23,2024-05-09,2
990,SP2P0000,****,New Buyer,1,2023-07-22,2023-07-22,2
991,SP1G0000,****,New Buyer,1,2023-07-22,2023-07-22,2
992,SPOB0000,****,New Buyer,1,2023-07-22,2023-07-22,2
993,SP8D0000,****,New Buyer,1,2023-07-21,2023-07-21,2
994,SP8J0000,****,Returning Buyer,2,2023-07-18,2025-02-03,2
995,SPXD0000,****,New Buyer,1,2023-07-15,2023-07-15,2
996,SP9L0000,****,New Buyer,1,2023-08-14,2023-08-14,2
997,SPV60000,****,Returning Buyer,6,2023-08-05,2025-03-03,2
998,SPGJ0000,****,Returning Buyer,2,2023-08-06,2024-08-12,2
999,SPXI0000,****,Returning Buyer,4,2023-08-06,2025-01-19,2
1000,SP_T0000,****,Returning Buyer,2,2023-08-06,2025-04-25,2
1001,SPHM0000,****,Returning Buyer,8,2023-08-30,2024-09-16,2
1002,SP280000,****,New Buyer,1,2023-08-30,2023-08-30,2
1003,SP9Q0000,****,Returning Buyer,2,2023-08-27,2023-08-27,2
1004,SPUZ0000,****,Returning Buyer,2,2023-08-25,2025-04-01,2
1005,SP920000,****,Returning Buyer,2,2023-08-24,2023-08-24,2
1006,SPYF0000,****,New Buyer,1,2023-08-24,2023-08-24,2
1007,SPOX0000,****,New Buyer,1,2023-09-12,2023-09-12,2
1008,SPBJ0000,****,Returning Buyer,2,2023-09-09,2024-02-24,2
1009,SP2G0000,****,Returning Buyer,2,2023-09-08,2024-09-28,2
1010,SPQ10000,****,New Buyer,1,2023-09-07,2023-09-07,2
1011,SPU10000,****,Returning Buyer,3,2023-09-03,2025-04-04,2
1012,SPOD0000,****,Returning Buyer,4,2023-09-03,2024-12-16,2
1013,SP050000,****,Returning Buyer,5,2023-09-03,2025-02-08,2
1014,SPU60000,****,New Buyer,1,2023-09-02,2023-09-02,2
1015,SP2H0000,****,Returning Buyer,3,2023-09-02,2024-08-16,2
1016,SPWD0000,****,Returning Buyer,2,2023-09-28,2023-10-01,2
1017,SP990000,****,Returning Buyer,4,2023-09-30,2025-04-07,2
1018,SP680000,****,Returning Buyer,2,2023-09-30,2024-11-03,2
1019,SPNP0000,****,Returning Buyer,2,2023-09-27,2024-09-21,2
1020,SP0C0000,****,New Buyer,1,2023-09-19,2023-09-19,2
1021,SP6B0000,****,Returning Buyer,2,2023-09-19,2023-10-17,2
1022,SPEF0000,****,Returning Buyer,2,2023-10-17,2024-12-09,2
1023,SP780000,****,New Buyer,1,2023-10-16,2023-10-16,2
1024,SPOZ0000,****,Returning Buyer,3,2023-10-11,2025-03-30,2
1025,SPGW0000,****,Returning Buyer,2,2023-10-10,2024-12-05,2
1026,SP740000,****,Returning Buyer,4,2023-10-10,2024-06-27,2
1027,SP8K0000,****,New Buyer,1,2023-10-06,2023-10-06,2
1028,SP120000,****,New Buyer,1,2023-11-02,2023-11-02,2
1029,SP3E0000,****,New Buyer,1,2023-10-31,2023-10-31,2
1030,SP0P0000,****,Returning Buyer,2,2023-10-27,2024-08-11,2
1031,SP_H0000,****,Returning Buyer,3,2023-10-25,2024-03-03,2
1032,SPFK0000,****,Returning Buyer,4,2023-10-20,2025-04-08,2
1033,SP_90000,****,Returning Buyer,4,2023-10-19,2024-10-08,2
1034,SPVK0000,****,New Buyer,1,2023-11-12,2023-11-12,2
1035,SPHQ0000,****,New Buyer,1,2023-11-12,2023-11-12,2
1036,SPZB0000,****,Returning Buyer,2,2023-11-11,2024-08-23,2
1037,SP0M0000,****,New Buyer,1,2023-11-06,2023-11-06,2
1038,SPEW0000,****,Returning Buyer,2,2023-11-05,2025-02-13,2
1039,SPYK0000,****,Returning Buyer,2,2023-12-19,2024-08-15,2
1040,SP5_0000,****,New Buyer,1,2023-12-19,2023-12-19,2
1041,SP0R0000,****,New Buyer,1,2024-01-20,2024-01-20,2
1042,SP4C0000,****,New Buyer,1,2024-01-19,2024-01-19,2
1043,SP3F0000,****,New Buyer,1,2024-01-18,2024-01-18,2
1044,SP3G0000,****,New Buyer,1,2024-01-18,2024-01-18,2
1045,SPVX0000,****,Returning Buyer,3,2024-01-17,2025-04-26,2
1046,SP980000,****,New Buyer,1,2024-01-17,2024-01-17,2
1047,SP490000,****,New Buyer,1,2024-01-15,2024-01-15,2
1048,SPWX0000,****,New Buyer,1,2024-01-11,2024-01-11,2
1049,SPFF0000,****,Returning Buyer,3,2024-02-22,2025-03-17,2
1050,SP4L0000,****,New Buyer,1,2024-02-22,2024-02-22,2
1051,SP_70000,****,New Buyer,1,2024-02-21,2024-02-21,2
1052,SPZU0000,****,New Buyer,1,2024-02-10,2024-02-10,2
1053,SP4K0000,****,New Buyer,1,2024-02-08,2024-02-08,2
1054,SPZQ0000,****,Returning Buyer,2,2024-03-08,2024-06-12,2
1055,SPI.0000,****,New Buyer,1,2024-03-05,2024-03-05,2
1056,SP7P0000,****,Returning Buyer,9,2024-02-29,2025-02-19,2
1057,SP6Y0000,****,Returning Buyer,2,2024-03-01,2024-07-24,2
1058,SPQY0000,****,New Buyer,1,2024-02-28,2024-02-28,2
1059,SPUA0000,****,Returning Buyer,8,2024-02-24,2025-04-17,2
1060,SPDJ0000,****,Returning Buyer,2,2024-02-24,2025-02-20,2
1061,SP_60000,****,Returning Buyer,2,2024-03-21,2024-09-30,2
1062,SP010000,****,Returning Buyer,2,2024-03-18,2024-09-12,2
1063,SP3Z0000,****,New Buyer,1,2024-03-17,2024-03-17,2
1064,SPNQ0000,****,New Buyer,1,2024-03-15,2024-03-15,2
1065,SP6J0000,****,New Buyer,1,2024-04-09,2024-04-09,2
1066,SP510000,****,Returning Buyer,2,2024-04-09,2024-06-05,2
1067,SP160000,****,Returning Buyer,3,2024-04-09,2024-05-15,2
1068,SPQX0000,****,New Buyer,1,2024-04-04,2024-04-04,2
1069,SPXB0000,****,New Buyer,1,2024-04-04,2024-04-04,2
1070,SPU_0000,****,Returning Buyer,2,2024-04-04,2024-05-19,2
1071,SPW_0000,****,New Buyer,1,2024-04-26,2024-04-26,2
1072,SP5H0000,****,New Buyer,1,2024-04-26,2024-04-26,2
1073,SP6Z0000,****,New Buyer,1,2024-04-25,2024-04-25,2
1074,SP700000,****,New Buyer,1,2024-04-24,2024-04-24,2
1075,SP2Y0000,****,Returning Buyer,2,2024-04-22,2025-04-20,2
1076,SP3U0000,****,New Buyer,1,2024-04-21,2024-04-21,2
1077,SPSQ0000,****,New Buyer,1,2024-04-21,2024-04-21,2
1078,SPJW0000,****,Returning Buyer,2,2024-04-21,2025-03-16,2
1079,SPU90000,****,Returning Buyer,4,2024-04-20,2025-01-27,2
1080,SP0I0000,****,New Buyer,1,2024-04-17,2024-04-17,2
1081,SPQC0000,****,Returning Buyer,2,2024-04-13,2024-09-16,2
1082,SPX00000,****,Returning Buyer,2,2024-04-12,2024-06-18,2
1083,SP5K0000,****,New Buyer,1,2024-05-11,2024-05-11,2
1084,SP5Y0000,****,Returning Buyer,2,2024-05-09,2024-07-02,2
1085,SPQF0000,****,New Buyer,1,2024-05-08,2024-05-08,2
1086,SPWU0000,****,Returning Buyer,2,2024-05-05,2025-01-13,2
1087,SP3L0000,****,Returning Buyer,2,2024-05-05,2024-05-15,2
1088,SPBW0000,****,Returning Buyer,3,2024-04-30,2024-12-12,2
1089,SP1P0000,****,New Buyer,1,2024-05-28,2024-05-28,2
1090,SP6G0000,****,New Buyer,1,2024-05-26,2024-05-26,2
1091,SPSW0000,****,New Buyer,1,2024-05-26,2024-05-26,2
1092,SP2E0000,****,New Buyer,1,2024-05-24,2024-05-24,2
1093,SPO90000,****,Returning Buyer,2,2024-05-17,2025-03-15,2
1094,SPGQ0000,****,New Buyer,1,2024-05-15,2024-05-15,2
1095,SP_P0000,****,Returning Buyer,2,2024-06-11,2024-08-27,2
1096,SPO50000,****,New Buyer,1,2024-06-06,2024-06-06,2
1097,SPIQ0000,****,New Buyer,1,2024-06-06,2024-06-06,2
1098,SP5W0000,****,New Buyer,1,2024-06-03,2024-06-03,2
1099,SP1C0000,****,New Buyer,1,2024-06-03,2024-06-03,2
1100,SPXJ0000,****,New Buyer,1,2024-06-02,2024-06-02,2
1101,SPPF0000,****,New Buyer,1,2024-06-24,2024-06-24,2
1102,SP7J0000,****,New Buyer,1,2024-06-15,2024-06-15,2
1103,SP5V0000,****,New Buyer,1,2024-07-13,2024-07-13,2
1104,SP3_0000,****,New Buyer,1,2024-07-09,2024-07-09,2
1105,SP9S0000,****,New Buyer,1,2024-07-09,2024-07-09,2
1106,SPP.0000,****,New Buyer,1,2024-07-07,2024-07-07,2
1107,SP0F0000,****,Returning Buyer,3,2024-07-07,2025-02-08,2
1108,SP1W0000,****,Returning Buyer,3,2024-07-02,2024-07-07,2
1109,SP_20000,****,Returning Buyer,3,2024-07-05,2025-01-15,2
1110,SPH.0000,****,New Buyer,1,2024-07-02,2024-07-02,2
1111,SPI_0000,****,Returning Buyer,2,2024-07-29,2024-09-15,2
1112,SP590000,****,Returning Buyer,2,2024-07-20,2025-04-17,2
1113,SP6N0000,****,New Buyer,1,2024-08-16,2024-08-16,2
1114,SP9_0000,****,New Buyer,1,2024-08-16,2024-08-16,2
1115,SP8G0000,****,New Buyer,1,2024-08-12,2024-08-12,2
1116,SP7S0000,****,New Buyer,1,2024-08-08,2024-08-08,2
1117,SP750000,****,New Buyer,1,2024-08-08,2024-08-08,2
1118,SPXU0000,****,New Buyer,1,2024-08-08,2024-08-08,2
1119,SPTW0000,****,New Buyer,1,2024-08-07,2024-08-07,2
1120,SP0D0000,****,New Buyer,1,2024-08-06,2024-08-06,2
1121,SP110000,****,Returning Buyer,4,2024-08-06,2025-04-24,2
1122,SP3K0000,****,New Buyer,1,2024-08-04,2024-08-04,2
1123,SP730000,****,New Buyer,1,2024-08-02,2024-08-02,2
1124,SP3N0000,****,New Buyer,1,2024-08-02,2024-08-02,2
1125,SP000000,****,New Buyer,1,2024-08-31,2024-08-31,2
1126,SP820000,****,New Buyer,1,2024-08-26,2024-08-26,2
1127,SP460000,****,New Buyer,1,2024-08-26,2024-08-26,2
1128,SP270000,****,Returning Buyer,2,2024-08-24,2024-09-24,2
1129,SP1K0000,****,Returning Buyer,2,2024-08-23,2024-10-07,2
1130,SP210000,****,New Buyer,1,2024-08-22,2024-08-22,2
1131,SP2X0000,****,New Buyer,1,2024-08-21,2024-08-21,2
1132,SP6K0000,****,Returning Buyer,2,2024-08-19,2024-12-16,2
1133,SPUX0000,****,New Buyer,1,2024-09-14,2024-09-14,2
1134,SP650000,****,New Buyer,1,2024-09-12,2024-09-12,2
1135,SP8Y0000,****,New Buyer,1,2024-09-09,2024-09-09,2
1136,SP8L0000,****,New Buyer,1,2024-09-19,2024-09-19,2
1137,SP4B0000,****,New Buyer,1,2024-10-19,2024-10-19,2
1138,SP_00000,****,Returning Buyer,2,2024-10-15,2024-10-19,2
1139,SP3Y0000,****,New Buyer,1,2024-10-15,2024-10-15,2
1140,SP080000,****,New Buyer,1,2024-10-10,2024-10-10,2
1141,SPUT0000,****,New Buyer,1,2024-10-07,2024-10-07,2
1142,SPNV0000,****,Returning Buyer,2,2024-11-01,2025-02-02,2
1143,SPZ40000,****,Returning Buyer,2,2024-12-05,2024-12-05,2
1144,SPUP0000,****,New Buyer,1,2024-11-22,2024-11-22,2
1145,SP3P0000,****,New Buyer,1,2024-12-17,2024-12-17,2
1146,SP200000,****,New Buyer,1,2024-12-11,2024-12-11,2
1147,SPQM0000,****,New Buyer,1,2024-12-29,2024-12-29,2
1148,SP4M0000,****,New Buyer,1,2025-01-18,2025-01-18,2
1149,SP2_0000,****,Returning Buyer,2,2025-01-14,2025-03-01,2
1150,SPWB0000,****,New Buyer,1,2025-01-12,2025-01-12,2
1151,SPQJ0000,****,New Buyer,1,2025-02-07,2025-02-07,2
1152,SPFQ0000,****,New Buyer,1,2025-02-21,2025-02-21,2
1153,SP_U0000,****,New Buyer,1,2025-02-19,2025-02-19,2
1154,SP300000,****,New Buyer,1,2025-02-15,2025-02-15,2
1155,SP0U0000,****,New Buyer,1,2025-02-12,2025-02-12,2
1156,SPOF0000,****,New Buyer,1,2025-02-12,2025-02-12,2
1157,SP6L0000,****,New Buyer,1,2025-02-10,2025-02-10,2
1158,SPQI0000,****,Returning Buyer,2,2025-03-06,2025-03-07,2
1159,SP_J0000,****,New Buyer,1,2025-03-05,2025-03-05,2
1160,SP0W0000,****,New Buyer,1,2025-03-04,2025-03-04,2
1161,SP4U0000,****,New Buyer,1,2025-03-03,2025-03-03,2
1162,SP830000,****,New Buyer,1,2025-03-02,2025-03-02,2
1163,SPEK0000,****,Returning Buyer,2,2025-02-28,2025-04-13,2
1164,SPO00000,****,Returning Buyer,2,2025-02-26,2025-04-08,2
1165,SPRW0000,****,New Buyer,1,2025-03-27,2025-03-27,2
1166,SPOJ0000,****,New Buyer,1,2025-03-26,2025-03-26,2
1167,SP4H0000,****,New Buyer,1,2025-03-21,2025-03-21,2
1168,SP1D0000,****,New Buyer,1,2025-04-13,2025-04-13,2
1169,SP4N0000,****,New Buyer,1,2025-04-02,2025-04-02,2
1170,SP290000,****,New Buyer,1,2025-03-30,2025-03-30,2
1171,SP_10000,****,New Buyer,1,2025-04-24,2025-04-24,2
1172,SPUK0000,****,New Buyer,1,2025-04-19,2025-04-19,2
1173,SP9G0000,****,New Buyer,1,2025-04-15,2025-04-15,2
